feature,index
00,0
00 au,1
000,2
00mn,3
01,4
01 03,5
02,6
02 29,7
02 candidats,8
02 filles,9
03,10
03 2024,11
03 au,12
04,13
05,14
05 au,15
06,16
07,17
08,18
08 20,19
08h,20
08h 15h,21
0uqab4,22
10,23
10 aout,24
10 au,25
10 gigas,26
10 go,27
10 octobre,28
10 septembre,29
10giga,30
10go,31
11,32
11 au,33
12,34
12 mois,35
12 septembre,36
13,37
13 47,38
13 au,39
13 theme,40
14,41
14 aout,42
14h00,43
14h30,44
14h30 lieu,45
14h30 sur,46
15,47
15 aout,48
15 au,49
15 octobre,50
15 septembre,51
15h,52
15h chaque,53
15h pour,54
16,55
16h,56
16h 00,57
16h 00mn,58
16h00,59
16h00 gmt,60
17,61
17 septembre,62
17h,63
17h gmt,64
18,65
18 76,66
18 aout,67
18 au,68
18 novembre,69
19,70
19 13,71
19 au,72
1er,73
1er au,74
1er octobre,75
1ere,76
20,77
20 au,78
20 bur,79
200,80
2000,81
2000 boulevard,82
2000 non,83
2020,84
2020 2021,85
2021,86
2021 2022,87
2022,88
2022 16h,89
2022 2023,90
2022 avec,91
2022 de,92
2022 le,93
2022 pour,94
2022 universite,95
2023,96
2023 08,97
2023 2024,98
2023 afin,99
2023 en,100
2023 karpala,101
2023 les,102
2023 ouagadougou,103
2023 partir,104
2023 pour,105
2024,106
2024 17h,107
2024 2025,108
2024 afin,109
2024 au,110
2024 avec,111
2024 cet,112
2024 nous,113
2024 que,114
2024 sur,115
2024 universite,116
2025,117
21,118
21 juin,119
21 mai,120
21 sep,121
22,122
226,123
23,124
23 au,125
23 dec,126
24,127
24 Juillet,128
25,129
25 juillet,130
26,131
27,132
28,133
29,134
29 27,135
2eme,136
30,137
31,138
36,139
36 79,140
40,141
47,142
47 integrez,143
50,144
500,145
500 fcfa,146
5j1dolpaiiw,147
5j1dolpaiiw ensemble,148
60,149
60 18,150
65,151
65 02,152
73,153
76,154
76 36,155
79,156
79 19,157
80,158
85,159
8h00,160
90,161
ASUS,162
ASUS i3,163
BAC,164
Bourses,165
Burkina,166
Burkina Faso,167
CITADEL,168
CITADEL FELLOWS,169
DE,170
FELLOWS,171
Faso,172
Juillet,173
Juillet 2024,174
LA,175
Marque,176
Marque ASUS,177
ORDINATEUR,178
ORDINATEUR universite,179
REMISE,180
REMISE ORDINATEUR,181
Session,182
Session de,183
Stage,184
Universite,185
Universite Virtuelle,186
Virtuelle,187
abord,188
abord la,189
absence,190
absence de,191
academique,192
academique 2020,193
academique 2021,194
academique 2022,195
academique 2023,196
academique 2024,197
academique universite,198
academiques,199
acceder,200
acces,201
acces aux,202
acces la,203
acces seront,204
accessibilite,205
accessibilite des,206
accessible,207
accompagne,208
accompagne de,209
accompagnement,210
accompagnement des,211
accorde,212
accueil,213
accueil et,214
accueiletinformation,215
acquerir,216
acteurs,217
acteurs impliques,218
activite,219
activites,220
activites sont,221
adaptation,222
adaptation de,223
adjoint,224
administration,225
administration de,226
administration les,227
administrative,228
administrative et,229
admis,230
adresse,231
affaire,232
affaire administration,233
afin,234
afin de,235
africa,236
africa digital,237
africadigitalcampus,238
africaine,239
africaine de,240
afrique,241
afrique en,242
afrique francophone,243
agence,244
agrandie,245
ai,246
ai effectue,247
ai eu,248
ai4dev,249
ai4dev citadeluvbf,250
ai4dev intelligenceartificielle,251
ai4dev openburkina,252
ai4dev sida,253
aide,254
aide de,255
aident,256
aider,257
aidera,258
aidera etre,259
ailleurs,260
aimerais,261
aimerais revoir,262
ainsi,263
ainsi que,264
ajouter,265
allah,266
aller,267
aller retour,268
aller sur,269
allocation,270
alors,271
alors que,272
ameliore,273
ameliorer,274
ameliorer la,275
aminet,276
aminet retrouvez,277
anciens,278
anime,279
anime par,280
animee,281
animee par,282
annee,283
annee 2024,284
annee academique,285
annee de,286
annonce,287
annoncer,288
annoncons,289
aout,290
aout 2022,291
aout 2023,292
aout 2024,293
aout au,294
apollinaire,295
apollinaire joachimson,296
appel,297
appel candidature,298
appel candidatures,299
appel communication,300
application,301
application et,302
applications,303
applications du,304
appreciable,305
apprecie,306
apprecie beaucoup,307
apprecie le,308
apprecie vraiment,309
apprendre,310
apprendrez,311
apprentissage,312
apprentissage en,313
apprentissage et,314
appui,315
appui de,316
apres,317
apres avoir,318
apres la,319
apres les,320
apres uvt_tunisie,321
arrive,322
arrive pas,323
arrivent,324
article,325
artificielle,326
artificielle au,327
artificielle dans,328
artificielle en,329
artificielle et,330
artificielle fouille,331
artificielle ia,332
artificielle pour,333
as,334
as pas,335
aspect,336
aspect negatif,337
aspects,338
assez,339
assistance,340
assistance en,341
astuce,342
atelier,343
atelier de,344
ateliers,345
ateliers du,346
atout,347
attendant,348
attendant ce,349
attendre,350
attestation,351
au,352
au 10,353
au 14,354
au 15,355
au 17,356
au 21,357
au 23,358
au 24,359
au 25,360
au 31,361
au burkina,362
au cours,363
au dimanche,364
au juillet,365
au mai,366
au meme,367
au menu,368
au moins,369
au niveau,370
au pays,371
au plus,372
au profit,373
au programme,374
au public,375
au sein,376
au siao,377
au siege,378
au soutien,379
au titre,380
au vendredi,381
aube,382
aube nouvelle,383
aucun,384
aucune,385
auditeurs,386
auditeurs pour,387
auf,388
auf burkina,389
auf org,390
auf_org,391
augmenter,392
augmenter la,393
aujourd,394
aujourd hui,395
aura,396
aura lieu,397
aurais,398
aurais souhaite,399
aussi,400
aussi est,401
aussi la,402
aussi les,403
automatique,404
automatique dans,405
automatique des,406
automatiquement,407
autonome,408
autre,409
autres,410
autres etudiants,411
autres universites,412
aux,413
aux cours,414
aux differents,415
aux etudiants,416
aux questions,417
avait,418
avancement,419
avancement des,420
avant,421
avant de,422
avant le,423
avantage,424
avantages,425
avantages notamment,426
avec,427
avec appui,428
avec des,429
avec enabel_belgium,430
avec la,431
avec le,432
avec les,433
avec pr,434
avec son,435
avec une,436
avec universite,437
avec vous,438
avenir,439
avenir de,440
avez,441
avis,442
avoir,443
avoir acces,444
avoir des,445
avoir les,446
avoir reconnu,447
avons,448
avons des,449
avons le,450
avons pas,451
avril,452
ayant,453
bac,454
bac2023,455
bacheliers,456
bacheliers de,457
bacheliers nouvellement,458
banquemondiale,459
banquemondiale tout,460
bas,461
batteries,462
batteries fanfares,463
be,464
beaucoup,465
beaucoup de,466
beaucoup est,467
beaucoup il,468
beaucoup nous,469
belle,470
beneficier,471
beneficier de,472
beneficier une,473
benefique,474
besoin,475
besoin de,476
besoins,477
bf,478
bf 2023,479
bf appel,480
bf au,481
bf chers,482
bf dans,483
bf decouvrez,484
bf du,485
bf en,486
bf est,487
bf index,488
bf informe,489
bf la,490
bf lance,491
bf lien,492
bf livraison,493
bf met,494
bf porte,495
bf pour,496
bf resultats,497
bf retrait,498
bf se,499
bf semaineingenierie,500
bf sessions,501
bf souhaite,502
bf travers,503
bf universite,504
bf vous,505
bf1,506
bf1 pr,507
bfmtv,508
bfmtv com,509
bibliographique,510
bibliographique organise,511
bibliotheque,512
bien,513
bien des,514
bien en,515
bien et,516
bien lire,517
bien organisee,518
bien sur,519
bien vouloir,520
bientot,521
bientot disponibles,522
bientot une,523
bienvenue,524
bienvenue dans,525
bienvenue universite,526
billet,527
billet avion,528
bissyandef,529
bissyandef titinto_,530
bit,531
bit ly,532
blandy,533
blandy fouju,534
blesses,535
blesses par,536
bobo,537
bobo dioulasso,538
bon,539
bon deroulement,540
boni,541
boni universite,542
bonne,543
bonne et,544
bonnes,545
bonnes conditions,546
bonnes fetes,547
bonnes informations,548
bonnes reponses,549
bons,550
bonsoir,551
bosser,552
bosser et,553
boubakarbarry,554
boubakarbarry dg,555
bougent,556
bougent au,557
boulevard,558
boulevard mouammar,559
bourse,560
bourse cafdo_officiel,561
bourse de,562
bourses,563
bourses de,564
boxfresh,565
boxfresh boxfresh,566
boxfresh site,567
bracelet,568
bracelet electronique,569
bucarest,570
bucarest du,571
bucarest2019,572
bucarest2019 auf,573
bugs,574
bulletins,575
bur,576
bureau,577
burger,578
burkina,579
burkina animee,580
burkina bacheliers,581
burkina ceforgris,582
burkina equipe,583
burkina et,584
burkina faso,585
burkina nous,586
burkina ont,587
burkina savoir,588
burkina universite,589
burkina universite_jkz,590
burkina uv,591
burkina_faso,592
burkina_faso universite,593
burkinabe,594
burkinabe aller,595
burkinabe est,596
burkinabe porte,597
burkinafaso,598
burkinafaso campusfaso,599
burkinafaso mesri,600
business,601
business les,602
ca,603
ca aussi,604
ca sent,605
cadeau,606
cadre,607
cadre de,608
cadre des,609
cadre du,610
cadre echange,611
cafdo,612
cafdo africa,613
cafdo_officiel,614
cafdo_officiel openburkina,615
calendrier,616
calendrier des,617
calque,618
calque sur,619
camarades,620
campus,621
campus faso,622
campus raiffetmonde,623
campusfaso,624
campusfaso bf,625
campusfaso universite,626
candidat,627
candidates,628
candidatez,629
candidatez avant,630
candidats,631
candidats en,632
candidats lire,633
candidats lors,634
candidature,635
candidature CITADEL,636
candidature au,637
candidature formation,638
candidature lance,639
candidature pour,640
candidatures,641
candidatures feminines,642
candidatures pour,643
canicule,644
canicule 73,645
canicule dimanche,646
capacites,647
capacites en,648
capitaine,649
capitaine va,650
capitaineib226,651
capitaineib226 les,652
capitale,653
capitale tunisienne,654
capsules,655
car,656
car chaque,657
car il,658
car la,659
car les,660
carrefour,661
carte,662
carte sim,663
cartes,664
cartes sim,665
cas,666
cas de,667
cas des,668
cause,669
cause de,670
cause des,671
cava,672
cc,673
cc ocomar,674
cdp,675
ce,676
ce est,677
ce formulaire,678
ce lien,679
ce lundi,680
ce mardi,681
ce niveau,682
ce projet,683
ce qu,684
ce que,685
ce qui,686
ce soir,687
ce sont,688
ce tutoriel,689
ce vendredi,690
ceforgris,691
ceforgris universite,692
cela,693
cela en,694
cela est,695
cela nous,696
celeron,697
celeron et,698
celui,699
celui du,700
cenou,701
cenou burkina,702
centre,703
centre excellence,704
ceremonie,705
ceremonie de,706
certaines,707
certaines evaluations,708
certaines filieres,709
certaines questions,710
certains,711
certains cours,712
certains devoirs,713
certains docteur,714
certains enseignants,715
certains etudiants,716
certains filiere,717
certains iesr,718
certains modules,719
certains professeurs,720
certifiante,721
certifiante sur,722
certificat,723
certificat de,724
cerveau,725
cerveau bit,726
ces,727
ces cdp,728
ces deux,729
cet,730
cet article,731
cet atelier,732
cet effet,733
cette,734
cette activite,735
cette annee,736
cette ceremonie,737
cette formation,738
cette institution,739
cette occasion,740
cette opportunite,741
cette session,742
cette universite,743
cette video,744
cette visite,745
ceux,746
ceux de,747
ceux qui,748
cfbf,749
cfbf grand,750
chacun,751
chaine,752
chaine youtube,753
chance,754
chance pour,755
chance tous,756
changer,757
chaque,758
chaque cours,759
chaque etudiant,760
chaque matiere,761
chaque mois,762
charge,763
charge de,764
chargee,765
chargee de,766
charges,767
chat,768
chat whatsapp,769
chefs,770
chelles,771
chelles condamne,772
chercheur,773
chercheur en,774
chercheurs,775
cheres,776
cheres reseau,777
chers,778
chers etudiants,779
chers membres,780
cherte,781
chez,782
chimie,783
choisir,784
choisir la,785
choix,786
chose,787
chose qui,788
choses,789
chuyalgado,790
chuyalgado synapc,791
chuyalgado umontreal,792
ci,793
ci dessous,794
ciblant,795
ciblant le,796
cible,797
ciospb,798
ciospb officiel,799
cita,800
cita inscrivez,801
cita sc,802
cita sc_2022,803
citadel,804
citadel _research_talk,805
citadel ai,806
citadel alumni,807
citadel au,808
citadel bf,809
citadel bit,810
citadel bourse,811
citadel bourses,812
citadel coorganise,813
citadel fellow,814
citadel fellows,815
citadel format,816
citadel indaba,817
citadel lance,818
citadel lancem,819
citadel met,820
citadel prenaient,821
citadel sondag,822
citadel summer,823
citadel talk,824
citadel talk11,825
citadel talk13,826
citadel talk4,827
citadel talk6,828
citadel talk9,829
citadel talk_invitation,830
citadel talkin,831
citadel un,832
citadel uvbf,833
citadel womens,834
citadel_sondage_bf,835
citadel_sondage_bf votre,836
citadel_uvbf,837
citadel_uvbf 14h30,838
citadel_uvbf idrc_crdi,839
citadel_uvbf invites,840
citadel_uvbf le,841
citadel_uvbf nous,842
citadel_uvbf qui,843
citadeluvbf,844
cite,845
cite universitaire,846
citer,847
civedu,848
civedu apres,849
civedu seance,850
civedu universite,851
civesu,852
civesu universite,853
classique,854
classiques,855
cles,856
cliquer,857
cliquer sur,858
cliquez,859
cliquez sur,860
cloture,861
cloture du,862
club,863
club carrefour,864
club scientifique,865
cnib,866
cnib pour,867
co,868
co organiser,869
coding,870
coding club,871
cohorte,872
cohorte Mai,873
cohorte des,874
cohorte du,875
collaboration,876
collaboration avec,877
collegue,878
collegue de,879
colloque,880
com,881
com dw8qqrudmvslim,882
com klffyqtdvsslxo8bstln0c,883
com live,884
com share,885
com steevezampa,886
com story,887
com track,888
com uvbf,889
com watch,890
com_gouv_bf,891
com_gouv_bf sigburkina,892
comme,893
comme ceux,894
comme difficultes,895
comme le,896
comme les,897
comme levier,898
comme moi,899
comme un,900
comme uvs_senegal,901
commence,902
commencer,903
comment,904
comment ia,905
comment les,906
comment savoir,907
comment se,908
communaute,909
communaute citadel,910
communaute scientifique,911
communautesdepratique,912
communautesdepratique du,913
communication,914
communication et,915
communication seminaire,916
communication specifique,917
communications,918
communique,919
communique ci,920
communique sur,921
communiques,922
competences,923
competences tic,924
competition,925
competition de,926
complementaire,927
complementaire de,928
complementaire effectif,929
complementaire sur,930
completement,931
completer,932
complets,933
complets sont,934
complique,935
compo,936
compose,937
compose et,938
composer,939
composer au,940
composer dans,941
composer les,942
composer sur,943
composition,944
composition des,945
composition du,946
composition en,947
compositions,948
compositions des,949
compositions sur,950
comprehension,951
comprehension des,952
comprehension et,953
comprend,954
comprendre,955
comprendre comment,956
comprendre le,957
comprendre les,958
compris,959
compte,960
compte de,961
compte des,962
compte et,963
computer,964
computer vision,965
concerne,966
concernes,967
concours,968
concretes,969
concretes dans,970
condamne,971
condamne apres,972
condition,973
conditions,974
conditions les,975
conditions merci,976
conference,977
conference rejoignez,978
conferences,979
confiance,980
connaissance,981
connaissance des,982
connaissance du,983
connaissance que,984
connaissances,985
connaissances en,986
connecte,987
connecter,988
connecter avec,989
connectes,990
connection,991
connections,992
connexion,993
connexion dans,994
connexion en,995
connexion est,996
connexion et,997
connexion gratuite,998
connexion internet,999
connexion la,1000
connexion les,1001
connexion lors,1002
connexion par,1003
connexion pour,1004
connexion qui,1005
connexion ya,1006
connu,1007
connu accompagnement,1008
consequences,1009
consequences concretes,1010
consideration,1011
consortium,1012
consortium africandigitalcampus,1013
constater,1014
constater etat,1015
constitue,1016
constitue un,1017
constituent,1018
constituent une,1019
constituer,1020
construction,1021
construction et,1022
consultables,1023
consultables sur,1024
consulter,1025
consulter la,1026
consulter les,1027
contact,1028
contactes,1029
contactes rapidement,1030
contactez,1031
contactez nous,1032
conteneurs,1033
conteneurs en,1034
continent,1035
continent du,1036
continue,1037
continuer,1038
contre,1039
coordonnateurs,1040
coordonnateurs du,1041
coorganise,1042
coorganise indabax,1043
corde,1044
corde de,1045
cordialement,1046
core,1047
core i3,1048
corps,1049
correctement,1050
correction,1051
correction des,1052
correction est,1053
correction lors,1054
corrections,1055
corriger,1056
cote,1057
cotonou,1058
cotonou avec,1059
coulibaly,1060
coulibaly universite,1061
couper,1062
couper corde,1063
coupures,1064
cour,1065
cour en,1066
cours,1067
cours avec,1068
cours car,1069
cours dans,1070
cours de,1071
cours distance,1072
cours en,1073
cours enregistres,1074
cours est,1075
cours et,1076
cours ils,1077
cours la,1078
cours les,1079
cours par,1080
cours pour,1081
cours qui,1082
cours sans,1083
cours se,1084
cours sont,1085
cout,1086
cqo9h3brpxp7l71g8,1087
creation,1088
creation de,1089
cree,1090
creer,1091
cse,1092
cse uv,1093
cseuvbf,1094
cursus,1095
cybersecurite,1096
cycle,1097
cycle de,1098
cyclisme,1099
cyclisme en,1100
d_,1101
d_ kebetu,1102
daho,1103
daho vp,1104
dangereux,1105
daniel,1106
daniel ouezzin,1107
dans,1108
dans ce,1109
dans certaines,1110
dans certains,1111
dans cette,1112
dans des,1113
dans differentes,1114
dans education,1115
dans la,1116
dans le,1117
dans les,1118
dans mon,1119
dans nos,1120
dans peu,1121
dans sa,1122
dans tous,1123
dans toutes,1124
dans un,1125
dans une,1126
dans vos,1127
data,1128
data science,1129
date,1130
date de,1131
date limite,1132
dates,1133
davydarankoum,1134
davydarankoum bissyandef,1135
de,1136
de 02,1137
de 08h,1138
de 10,1139
de 15h,1140
de 16h,1141
de 16h00,1142
de 25,1143
de 40,1144
de 85,1145
de Bourses,1146
de Marque,1147
de Stage,1148
de accompagnement,1149
de ajouter,1150
de annee,1151
de appel,1152
de asinbenin,1153
de atelier,1154
de auf,1155
de beneficier,1156
de bf1,1157
de bien,1158
de bourses,1159
de ca,1160
de candidature,1161
de ce,1162
de certaines,1163
de certains,1164
de ces,1165
de cet,1166
de cette,1167
de citadel,1168
de citadel_uvbf,1169
de cloture,1170
de commencer,1171
de communication,1172
de composer,1173
de composition,1174
de comprehension,1175
de connexion,1176
de constater,1177
de construction,1178
de continuer,1179
de correction,1180
de cours,1181
de creation,1182
de cycle,1183
de cyclisme,1184
de dedougou,1185
de defaillances,1186
de deliberation,1187
de demain,1188
de depot,1189
de details,1190
de deux,1191
de developpement,1192
de difficulte,1193
de discussion,1194
de dispenser,1195
de donnees,1196
de donner,1197
de dossier,1198
de droit,1199
de drone,1200
de economie,1201
de education,1202
de energie,1203
de enseignement,1204
de espace,1205
de etranger,1206
de fada,1207
de faire,1208
de federation,1209
de filieres,1210
de fin,1211
de formation,1212
de genie,1213
de gestion,1214
de hacking,1215
de ia,1216
de indaba_deep_learning,1217
de information,1218
de ingenierie,1219
de innovation,1220
de insti,1221
de intelligence,1222
de ird,1223
de karpala,1224
de koudougou,1225
de l1,1226
de la,1227
de lappel,1228
de le,1229
de lefaso,1230
de les,1231
de leur,1232
de leurs,1233
de licence,1234
de marchandises,1235
de marque,1236
de master,1237
de mieux,1238
de mission,1239
de mon,1240
de moyens,1241
de ne,1242
de niveau,1243
de nlp,1244
de nombreuses,1245
de nos,1246
de notre,1247
de nous,1248
de nouvelles,1249
de ordinateur,1250
de ouagadougou,1251
de ouahigouya,1252
de ouest,1253
de outil,1254
de ouvrage,1255
de paiement,1256
de part,1257
de partager,1258
de participation,1259
de participer,1260
de passe,1261
de permettre,1262
de places,1263
de plus,1264
de pouvoir,1265
de pratique,1266
de prendre,1267
de pression,1268
de prise,1269
de probleme,1270
de professeurs,1271
de puces,1272
de qualite,1273
de rattrapage,1274
de recherche,1275
de recrutement,1276
de recuperer,1277
de remplir,1278
de renforcement,1279
de renseigner,1280
de rester,1281
de retard,1282
de retour,1283
de retrait,1284
de role,1285
de sa,1286
de se,1287
de sejour,1288
de services,1289
de ses,1290
de sessions,1291
de son,1292
de sondage,1293
de soumission,1294
de stage,1295
de suivi,1296
de suivre,1297
de tambela,1298
de tchat,1299
de td,1300
de techniques,1301
de telephone,1302
de these,1303
de titres,1304
de tous,1305
de tp,1306
de travail,1307
de trente,1308
de tunis,1309
de tutoriels,1310
de unchk_sn,1311
de unesco,1312
de universite,1313
de universite_virtuelle,1314
de uv,1315
de uvbf,1316
de uvciv,1317
de vaquer,1318
de vos,1319
de votre,1320
de vous,1321
de wacren,1322
debut,1323
debute,1324
debute le,1325
debuter,1326
dec,1327
dec 2022,1328
decembre,1329
decembre 2022,1330
decembre 2023,1331
decision,1332
decourager,1333
decourager suivre,1334
decouverte,1335
decouverte de,1336
decouvertes,1337
decouvrez,1338
decouvrez comment,1339
decouvrez nos,1340
decouvrir,1341
decouvrir les,1342
decouvrirez,1343
decouvrirez comment,1344
decouvrons,1345
decouvrons universite,1346
dediee,1347
dediees,1348
dediees au,1349
dediees qui,1350
dedougou,1351
dedougou universite,1352
deep,1353
deep learning,1354
deeplearningindaba,1355
defaillances,1356
defaillances entreprises,1357
definition,1358
definition et,1359
defis,1360
defis de,1361
defis du,1362
defis relever,1363
deja,1364
deja un,1365
dela,1366
dela de,1367
delai,1368
delai de,1369
delegation,1370
delegation de,1371
delegue,1372
delegues,1373
deliberation,1374
deliberation des,1375
deliberation sur,1376
demain,1377
demande,1378
demande orientation,1379
demandes,1380
demandes orientation,1381
demarche,1382
demarrage,1383
demarrage hier,1384
demi,1385
demi finale,1386
depart,1387
departement,1388
departements,1389
departements places,1390
depenses,1391
depenses et,1392
deplacer,1393
deposer,1394
depot,1395
depot 65,1396
depot des,1397
depots,1398
depots en,1399
depuis,1400
dernier,1401
dernier ils,1402
derniere,1403
derniere minute,1404
deroulement,1405
deroulement des,1406
deroulent,1407
deroulera,1408
derouleront,1409
des,1410
des Memoires,1411
des activites,1412
des anciens,1413
des autres,1414
des bacheliers,1415
des bourses,1416
des candidats,1417
des candidatures,1418
des capacites,1419
des cartes,1420
des chefs,1421
des competences,1422
des composition,1423
des compositions,1424
des consequences,1425
des conteneurs,1426
des corrections,1427
des cours,1428
des defis,1429
des demandes,1430
des devoirs,1431
des differents,1432
des difficultes,1433
des docteurs,1434
des doctorants,1435
des donnees,1436
des dossiers,1437
des effets,1438
des efforts,1439
des enfants,1440
des enseignants,1441
des erreurs,1442
des espaces,1443
des etudes,1444
des etudiant,1445
des etudiants,1446
des evaluations,1447
des evenements,1448
des examens,1449
des exercices,1450
des explications,1451
des facebook,1452
des facultes,1453
des fds,1454
des femmes,1455
des filieres,1456
des finances,1457
des frais,1458
des gens,1459
des hommes,1460
des identites,1461
des informations,1462
des jeunes,1463
des kinkelibas,1464
des langues,1465
des logiciels,1466
des maintenant,1467
des mairies,1468
des medicaments,1469
des mega,1470
des megas,1471
des membres,1472
des memoires,1473
des mines,1474
des modules,1475
des notes,1476
des nouveaux,1477
des ordinateurs,1478
des orientations,1479
des outils,1480
des postes,1481
des prestations,1482
des prix,1483
des problemes,1484
des professeurs,1485
des programmes,1486
des projets,1487
des puces,1488
des que,1489
des questions,1490
des recherches,1491
des reclamations,1492
des rel,1493
des representants,1494
des responsables,1495
des resultats,1496
des seances,1497
des seminaires,1498
des sessions,1499
des sexes,1500
des supports,1501
des surveillants,1502
des td,1503
des techniques,1504
des travaux,1505
des universites,1506
des villes,1507
desormais,1508
dessous,1509
dessous peuvent,1510
dessous qu,1511
destine,1512
destine aux,1513
destinees,1514
destinees tous,1515
detaillee,1516
details,1517
details au,1518
details du,1519
details ici,1520
deux,1521
deux 02,1522
deux etudiantes,1523
deux institutions,1524
deux ou,1525
deux pays,1526
deux stagiaires,1527
deux suspects,1528
deuxieme,1529
deuxieme annee,1530
deuxieme session,1531
developer,1532
developpement,1533
developpement citadel,1534
developpement citadel_uvbf,1535
developpement du,1536
developpement durable,1537
developpement economique,1538
developpement inscription,1539
developpement qui,1540
developper,1541
devez,1542
devez disposer,1543
devoir,1544
devoir en,1545
devoirs,1546
devoirs donc,1547
devoirs en,1548
devoirs est,1549
devoirs et,1550
devoirs la,1551
devoirs on,1552
devoirs par,1553
devoirs qui,1554
devoirs son,1555
devoirs sur,1556
devoirs td,1557
devouement,1558
devrait,1559
dg,1560
dg de,1561
dgesup,1562
dgesup universite,1563
diferentes_flieres,1564
diferentes_flieres de,1565
differentes,1566
differentes activites,1567
differentes plateformes,1568
differentes questions,1569
differents,1570
differents cours,1571
difficile,1572
difficile de,1573
difficiles,1574
difficulte,1575
difficulte est,1576
difficulte lorsqu,1577
difficulte que,1578
difficultes,1579
difficultes au,1580
difficultes en,1581
difficultes liees,1582
difficultes pour,1583
difficultes que,1584
difficultes rencontrees,1585
difficultes techniques,1586
digital,1587
digital campus,1588
digital inclusif,1589
digital tech,1590
digitale,1591
digitalisation,1592
digitalmagazine,1593
digitalmagazine bf,1594
dimanche,1595
dimanche 15,1596
dimanche bfmtv,1597
dioulasso,1598
dipama,1599
dipama enseignant,1600
dipama president,1601
dire,1602
dire le,1603
direcct,1604
direct,1605
directeur,1606
directeur regional,1607
direction,1608
direction generale,1609
discipline,1610
discussion,1611
disent,1612
disparition,1613
disparition du,1614
dispensation,1615
dispensation des,1616
dispense,1617
dispenser,1618
dispenser les,1619
dispenses,1620
dispenses en,1621
disponibilite,1622
disponibilite des,1623
disponible,1624
disponible ici,1625
disponibles,1626
disponibles et,1627
disponibles lien,1628
disponibles sur,1629
disposer,1630
disposer une,1631
disposera,1632
disposera des,1633
disposition,1634
disposition de,1635
disposition des,1636
disposition un,1637
distance,1638
distance bit,1639
distance et,1640
distance la,1641
distribution,1642
distribution des,1643
dl,1644
dl 2025,1645
docs,1646
docs google,1647
docteur,1648
docteurs,1649
docteurs sont,1650
doctorants,1651
doctorants en,1652
doctorat,1653
doctorat seront,1654
documents,1655
doit,1656
doit etre,1657
doit se,1658
doivent,1659
doleances,1660
domaine,1661
domaine de,1662
donc,1663
donc la,1664
donne,1665
donne pas,1666
donnees,1667
donnees et,1668
donnees pour,1669
donner,1670
donner les,1671
dont,1672
dont le,1673
dont les,1674
dont ouagadougou,1675
dossier,1676
dossier de,1677
dossier etudiants,1678
dossiers,1679
dossiers de,1680
dotation,1681
dotees,1682
dotees un,1683
dotes,1684
dr,1685
dr apollinaire,1686
dr drissa,1687
drissa,1688
drissa zongo,1689
droit,1690
droit les,1691
drone,1692
drone inscription,1693
du,1694
du 05,1695
du 07,1696
du 10,1697
du 11,1698
du 13,1699
du 14,1700
du 15,1701
du 18,1702
du 19,1703
du 1er,1704
du 20,1705
du 23,1706
du Burkina,1707
du au,1708
du benin,1709
du burkina,1710
du calendrier,1711
du centre,1712
du cita,1713
du citadel,1714
du club,1715
du colloque,1716
du communique,1717
du consortium,1718
du continent,1719
du cours,1720
du cycle,1721
du dossier,1722
du faso,1723
du festivalier,1724
du formulaire,1725
du gouvernement,1726
du jour,1727
du lundi,1728
du mardi,1729
du master,1730
du meme,1731
du monde,1732
du numerique,1733
du pays,1734
du premier,1735
du president,1736
du programme,1737
du projet,1738
du public,1739
du recrutement,1740
du reseau,1741
du retard,1742
du senegal,1743
du siege,1744
du systeme,1745
du temps,1746
du tout,1747
du transport,1748
du vol,1749
due,1750
due forme,1751
durable,1752
durable savoir,1753
durant,1754
duree,1755
duree de,1756
dw8qqrudmvslim,1757
dw8qqrudmvslim indabaxburkina2025,1758
dynamique,1759
dynamique interne,1760
echange,1761
echange tres,1762
echanger,1763
echecs,1764
eco,1765
eco la,1766
ecole,1767
ecole de,1768
ecole polytechnique,1769
ecoles,1770
economie,1771
economie et,1772
economique,1773
economique et,1774
economiques,1775
economiques et,1776
ecrire,1777
edition,1778
edition 2022,1779
edition du,1780
education,1781
education cette,1782
education en,1783
education et,1784
educatives,1785
educatives universite,1786
effectif,1787
effectif sur,1788
effectue,1789
effectue une,1790
effectuer,1791
effet,1792
effet differentes,1793
effet elle,1794
effets,1795
effets therapeutiques,1796
efficacement,1797
efficacite,1798
efforts,1799
efforts pour,1800
egalement,1801
egalement consultables,1802
egalite,1803
egalite des,1804
elearning,1805
elearning les,1806
electrique,1807
electronique,1808
electronique et,1809
eleves,1810
elle,1811
elle est,1812
elle invite,1813
elle lance,1814
elle offre,1815
elle partage,1816
elle permet,1817
embraceequity,1818
embraceequity iwd2023,1819
embrun,1820
embrun bfmtv,1821
emergente,1822
emergente decouvrez,1823
emerging,1824
emerging africa,1825
empechant,1826
empeche,1827
emploi,1828
emploi du,1829
en,1830
en 2023,1831
en afrique,1832
en appuyant,1833
en attendant,1834
en australie,1835
en belgique,1836
en bonne,1837
en business,1838
en cas,1839
en ce,1840
en collaboration,1841
en compte,1842
en connaissance,1843
en data,1844
en deuxieme,1845
en direct,1846
en doctorat,1847
en droit,1848
en eco,1849
en faisant,1850
en fin,1851
en fouilles,1852
en fuite,1853
en genie,1854
en hausse,1855
en ia,1856
en informatique,1857
en informer,1858
en intelligence,1859
en intelligence_artificielle,1860
en l1,1861
en l2,1862
en les,1863
en lien,1864
en ligne,1865
en liste,1866
en machine,1867
en mai,1868
en main,1869
en mars,1870
en master,1871
en matiere,1872
en mission,1873
en moins,1874
en mois,1875
en octobre,1876
en octroie,1877
en oeuvre,1878
en parallele,1879
en partenariat,1880
en particulier,1881
en pdf,1882
en place,1883
en pleine,1884
en plus,1885
en possession,1886
en premiere,1887
en presence,1888
en presentiel,1889
en rappel,1890
en redaction,1891
en remplissant,1892
en retard,1893
en sante,1894
en savoir,1895
en sciences,1896
en serie,1897
en session,1898
en tant,1899
en td,1900
en technologies,1901
en temps,1902
en these,1903
en troisieme,1904
en vigilance,1905
en voir,1906
en Å“uvre,1907
enabel_belgium,1908
enabel_belgium embraceequity,1909
encadreurs,1910
encore,1911
encore recu,1912
encouragees,1913
energie,1914
enfants,1915
enfants pour,1916
enfin,1917
enfin le,1918
enfouies,1919
enfouies dans,1920
engagement,1921
engagement et,1922
enjeux,1923
enjeux de,1924
enjeux et,1925
eno,1926
eno de,1927
enormement,1928
enregistre,1929
enregistrer,1930
enregistres,1931
enseignant,1932
enseignant chercheur,1933
enseignant universite,1934
enseignante,1935
enseignante vacataire,1936
enseignants,1937
enseignants chercheurs,1938
enseignants et,1939
enseignants la,1940
enseignants oer,1941
enseignement,1942
enseignement de,1943
enseignement distance,1944
enseignement est,1945
enseignement et,1946
enseignement la,1947
enseignement probleme,1948
enseignement superieur,1949
enseignements,1950
enseigner,1951
ensemble,1952
ensemble des,1953
ensemble maitrisons,1954
ensuite,1955
entierement,1956
entierement en,1957
entrave,1958
entre,1959
entre etudiants,1960
entre le,1961
entre les,1962
entrepreneuriat,1963
entreprise,1964
entreprises,1965
entreprises cette,1966
entreprises en,1967
envers,1968
envers les,1969
envoi,1970
envoi un,1971
envoyer,1972
envoyes,1973
envoyes vous,1974
epo,1975
epo foner,1976
equipe,1977
equipe chargee,1978
equipement,1979
equipement partiel,1980
erreur,1981
erreurs,1982
es,1983
es et,1984
es oriente,1985
esante,1986
esante recherche,1987
espace,1988
espace numerique,1989
espaces,1990
espaces numeriques,1991
esperons,1992
espum_udem,1993
espum_udem universite_jkz,1994
esse,1995
esse hit,1996
essentiel,1997
essentiel pour,1998
essentielles,1999
essentielles pour,2000
est,2001
est automatique,2002
est avec,2003
est bien,2004
est bon,2005
est calque,2006
est dans,2007
est de,2008
est deja,2009
est difficile,2010
est dire,2011
est disponible,2012
est en,2013
est la,2014
est le,2015
est les,2016
est mis,2017
est ouverte,2018
est parfois,2019
est pas,2020
est porte,2021
est prevue,2022
est sans,2023
est souvent,2024
est toujours,2025
est tres,2026
est un,2027
est une,2028
est vraiment,2029
estellenassouri,2030
et,2031
et adaptation,2032
et ai,2033
et anime,2034
et applications,2035
et au,2036
et augmenter,2037
et aussi,2038
et autres,2039
et aux,2040
et avoir,2041
et bien,2042
et bobo,2043
et ca,2044
et cela,2045
et certains,2046
et charge,2047
et citadel_uvbf,2048
et de,2049
et decouvrir,2050
et des,2051
et devoirs,2052
et du,2053
et due,2054
et en,2055
et equipement,2056
et evaluation,2057
et gestion,2058
et ia,2059
et information,2060
et innovation,2061
et intelligence,2062
et je,2063
et la,2064
et le,2065
et lenovo,2066
et les,2067
et leur,2068
et leurs,2069
et meme,2070
et merci,2071
et mot,2072
et nous,2073
et on,2074
et pedagogique,2075
et pour,2076
et privees,2077
et promesse,2078
et que,2079
et qui,2080
et sa,2081
et sciences,2082
et ses,2083
et sur,2084
et technologies,2085
et teg,2086
et telemedecine,2087
et tu,2088
et une,2089
et uvciv,2090
et vous,2091
etaient,2092
etaient une,2093
etait,2094
etant,2095
etape,2096
etat,2097
etat 85,2098
etat avancement,2099
etat de,2100
etats,2101
etc,2102
ete,2103
etes,2104
etranger,2105
etre,2106
etre du,2107
etre pret,2108
etude,2109
etude et,2110
etudes,2111
etudiant,2112
etudiant de,2113
etudiant doit,2114
etudiant en,2115
etudiant ordinateur,2116
etudiant un,2117
etudiante,2118
etudiantes,2119
etudiants,2120
etudiants avec,2121
etudiants avoir,2122
etudiants cette,2123
etudiants de,2124
etudiants des,2125
etudiants dont,2126
etudiants du,2127
etudiants en,2128
etudiants est,2129
etudiants et,2130
etudiants la,2131
etudiants le,2132
etudiants lors,2133
etudiants ne,2134
etudiants nous,2135
etudiants ont,2136
etudiants orientes,2137
etudiants pour,2138
etudiants prendre,2139
etudiants qui,2140
etudiants si,2141
etudiants sont,2142
etudiants universite,2143
etudie,2144
etudier,2145
eu,2146
eu des,2147
eu la,2148
eu les,2149
eu lieu,2150
eux,2151
evaluation,2152
evaluation la,2153
evaluations,2154
evaluations des,2155
evaluations les,2156
evaluations nous,2157
evaluations qui,2158
evaluations sommatives,2159
evaluer,2160
evenement,2161
evenements,2162
eviter,2163
examen,2164
examens,2165
excellence,2166
excellence en,2167
excellence interdisciplinaire,2168
excellent,2169
exemple,2170
exemple les,2171
exercices,2172
experience,2173
experience entre,2174
expert,2175
experts,2176
explication,2177
explication des,2178
explications,2179
explique,2180
explique pourquoi,2181
expliquer,2182
explorer,2183
extraction,2184
extraction des,2185
face,2186
facebook,2187
facebook com,2188
facebook live,2189
facile,2190
facilement,2191
facilite,2192
faciliter,2193
faciliter la,2194
faciliter obtention,2195
facon,2196
facon de,2197
facultes,2198
facultes dont,2199
facultes on,2200
fada,2201
fada gourma,2202
faire,2203
faire des,2204
fais,2205
fait,2206
fait au,2207
fait de,2208
fait des,2209
fait le,2210
fait meme,2211
fait pour,2212
fait qu,2213
fait que,2214
faite,2215
faite pour,2216
faites,2217
faits,2218
faits sur,2219
familiariser,2220
familiariser avec,2221
famille,2222
famille agrandie,2223
fanfares,2224
faso,2225
faso afin,2226
faso au,2227
faso de,2228
faso digitalmagazine,2229
faso disposera,2230
faso est,2231
faso et,2232
faso https,2233
faso inauguration,2234
faso le,2235
faso les,2236
faso lien,2237
faso nous,2238
faso paneliste,2239
faso porte,2240
faso repond,2241
faso sis,2242
faso sont,2243
faso une,2244
faso universite,2245
faso utdaburkina_faso,2246
faso uv,2247
faso uvbf,2248
faut,2249
faut qu,2250
fcfa,2251
fds,2252
federation,2253
federation des,2254
felicitations,2255
felicitations aux,2256
felicitations tous,2257
fellow,2258
fellows,2259
femmes,2260
femmes pour,2261
fevrier,2262
fevrier 2024,2263
fiable,2264
figurent,2265
figurent sur,2266
filiere,2267
filiere comme,2268
filiere de,2269
filieres,2270
filieres de,2271
filieres et,2272
filieres les,2273
filieres qui,2274
filles,2275
filles pour,2276
fin,2277
fin de,2278
finale,2279
finances,2280
finances ai,2281
fini,2282
finir,2283
finition,2284
finition dans,2285
fixe,2286
flexibilite,2287
flexibilite de,2288
flexibilite et,2289
flexibles,2290
fois,2291
followers,2292
fonctionnaires,2293
fonctionnement,2294
fonctionnement de,2295
fondamentales,2296
fonds,2297
fonds decourager,2298
foner,2299
foner officiel,2300
font,2301
font au,2302
font en,2303
font entierement,2304
forfait,2305
forfait internet,2306
format,2307
formation,2308
formation au,2309
formation de,2310
formation en,2311
formation est,2312
formation et,2313
formation msef,2314
formation par,2315
formation sur,2316
formation universitaire,2317
formation universite,2318
formation vous,2319
formationenligne,2320
formationenligne accueiletinformation,2321
formations,2322
forme,2323
forme consulter,2324
forme www,2325
former,2326
formidable,2327
forms,2328
forms gle,2329
formulaire,2330
formulaire avec,2331
formulaire de,2332
formulaire https,2333
formulaire suivant,2334
forum,2335
forum de,2336
fouille,2337
fouille de,2338
fouilles,2339
fouilles de,2340
fr,2341
fr uvbf,2342
frais,2343
frais de,2344
frais inscription,2345
francaise,2346
france,2347
france rdv,2348
francebleu,2349
francebleu fr,2350
franchement,2351
francophone,2352
francophonie,2353
frequentes,2354
freres,2355
freres liwili,2356
gagne,2357
general,2358
generale,2359
generale de,2360
generationequality,2361
genie,2362
genie logiciel,2363
gens,2364
gens qui,2365
geomatique,2366
gestion,2367
gestion bibliographique,2368
gigas,2369
gigas de,2370
gle,2371
gmail,2372
gmt,2373
gmt inscription,2374
gmt universite,2375
go,2376
go mois,2377
go par,2378
google,2379
gourma,2380
gourma universite,2381
gouvernement,2382
grace,2383
grand,2384
grand merci,2385
grande,2386
grandes,2387
grandes regions,2388
gratuite,2389
gratuites,2390
groupe,2391
groupe whatsapp,2392
gugustt,2393
gugustt auf_org,2394
hackathon,2395
hamed,2396
hamed joseph,2397
haroun,2398
haroun ouamdande,2399
hausse,2400
hauteur,2401
hauteur de,2402
helas,2403
hesitez,2404
hesitez pas,2405
heure,2406
heures,2407
heures pour,2408
hier,2409
hier universite,2410
hmab,2411
hmab service,2412
hommes,2413
hommes integres,2414
honneur,2415
hors,2416
hp,2417
https,2418
https bit,2419
https chat,2420
https co,2421
https forms,2422
https uv,2423
https www,2424
hui,2425
hui partir,2426
i3,2427
i3 la,2428
ia,2429
ia au,2430
ia dans,2431
ia en,2432
ia et,2433
ia innovation,2434
ia pour,2435
ia universite,2436
ici,2437
ici bit,2438
ici https,2439
idee,2440
idee de,2441
identifiants,2442
identifiants vous,2443
identite,2444
identites,2445
identites tenu,2446
idneuf4,2447
idneuf4 le,2448
idrc_crdi,2449
idrc_crdi ai4dev,2450
idrc_crdi openburkina,2451
iesr,2452
iesr du,2453
il,2454
il des,2455
il est,2456
il faut,2457
il nous,2458
il ont,2459
il pas,2460
il revoit,2461
il sera,2462
il ya,2463
ils,2464
ils etaient,2465
ils ne,2466
ils ont,2467
ils peuvent,2468
ils presenteront,2469
impact,2470
imparti,2471
impliques,2472
impliques dans,2473
important,2474
importante,2475
impossible,2476
inaccessibilite,2477
inaccessibilite de,2478
inauguration,2479
inauguration de,2480
inaugure,2481
inaugure ce,2482
inaugure le,2483
inch,2484
inch allah,2485
inclus,2486
inclusif,2487
inclusif innovation,2488
indaba,2489
indabax,2490
indabax burkina,2491
index,2492
index php,2493
indiques,2494
ine,2495
ine et,2496
inefficacite,2497
info,2498
info ici,2499
informaticiens,2500
informaticiens de,2501
information,2502
information et,2503
information facebook,2504
information pour,2505
information sur,2506
informations,2507
informations et,2508
informations necessaires,2509
informations sur,2510
informatique,2511
informatique et,2512
informe,2513
informe les,2514
informe ses,2515
informer,2516
informer en,2517
ingenierie,2518
ingenierie 2024,2519
ingenieur,2520
ingenieur micropole,2521
initiation,2522
initiative,2523
innovantes,2524
innovation,2525
innovation direction,2526
innovation en,2527
innovation et,2528
innovation universite,2529
inscription,2530
inscription bit,2531
inscriptions,2532
inscriptions administrative,2533
inscrire,2534
inscrits,2535
inscrivez,2536
inscrivez vous,2537
instabilite,2538
instabilite de,2539
instagram,2540
installer,2541
installer les,2542
installes,2543
institut,2544
institut superieur,2545
institution,2546
institutions,2547
institutions universitaires,2548
instructions,2549
insuffisance,2550
insuffisance de,2551
insuffisance des,2552
insuffisant,2553
insuffisants,2554
integralite,2555
integralite du,2556
integres,2557
integrez,2558
integrez le,2559
intelligence,2560
intelligence artificielle,2561
intelligence_artificielle,2562
intelligenceartificielle,2563
intelligenceartificielle esante,2564
interdisciplinaire,2565
interdisciplinaire en,2566
interet,2567
international,2568
interne,2569
internet,2570
internet https,2571
internet universite,2572
invitation,2573
invitation 13,2574
invitation intelligence,2575
invite,2576
invite des,2577
invites,2578
ird,2579
isge,2580
isge bf,2581
isig,2582
isig international,2583
issu,2584
issu de,2585
issue,2586
issue des,2587
itaun,2588
iwd2023,2589
iwd2023 generationequality,2590
janvier,2591
janvier 2023,2592
janvier 2024,2593
je,2594
je ai,2595
je arrive,2596
je ne,2597
je pense,2598
je peux,2599
je rencontre,2600
je suis,2601
je vous,2602
jean,2603
jean marie,2604
jeudi,2605
jeudi 26,2606
jeudi 30,2607
jeunes,2608
joachimson,2609
joachimson kyelem,2610
joseph,2611
joseph ki,2612
joseph ouily,2613
joue,2614
jour,2615
journee,2616
journee mondiale,2617
jours,2618
juillet,2619
juillet au,2620
juillet dernier,2621
juin,2622
jury,2623
jusqu,2624
jusqu au,2625
jusqu present,2626
juste,2627
kadhafi,2628
kadhafi possibilite,2629
karpala,2630
karpala ce,2631
karpala de,2632
karpala du,2633
karpala ouagadougou,2634
kebetu,2635
ki,2636
ki zerbo,2637
kinkelibas,2638
kinkelibas pedagogiques,2639
klffyqtdvsslxo8bstln0c,2640
klffyqtdvsslxo8bstln0c hmab,2641
koubri,2642
koudougou,2643
kyelem,2644
kyelem de,2645
l1,2646
l1 le,2647
l2,2648
l3,2649
la,2650
la banquemondiale,2651
la bas,2652
la bf,2653
la bonne,2654
la ceremonie,2655
la chaine,2656
la cherte,2657
la communaute,2658
la communication,2659
la composition,2660
la comprehension,2661
la connaissance,2662
la connexion,2663
la correction,2664
la date,2665
la delegation,2666
la deuxieme,2667
la difficulte,2668
la disparition,2669
la dispensation,2670
la disponibilite,2671
la disposition,2672
la duree,2673
la facilite,2674
la facon,2675
la famille,2676
la filiere,2677
la fin,2678
la finale,2679
la flexibilite,2680
la fois,2681
la formation,2682
la francophonie,2683
la liste,2684
la machine,2685
la maison,2686
la maniere,2687
la mauvaise,2688
la meilleure,2689
la meme,2690
la mise,2691
la moyenne,2692
la non,2693
la nouvelle,2694
la plateforme,2695
la plupart,2696
la plus,2697
la possibilite,2698
la premiere,2699
la presidence,2700
la prise,2701
la production,2702
la programmation,2703
la puce,2704
la qualite,2705
la qualites,2706
la question,2707
la realisation,2708
la realite,2709
la recherche,2710
la remise,2711
la rencontre,2712
la rentabilite,2713
la rentree,2714
la salle,2715
la sante,2716
la seance,2717
la selection,2718
la semaine,2719
la session,2720
la seule,2721
la subvention,2722
la suite,2723
la tache,2724
la traduction,2725
la vie,2726
la volonte,2727
la web,2728
laboratoire,2729
lance,2730
lance en,2731
lance un,2732
lancement,2733
lancement officiel,2734
langues,2735
langues locales,2736
laquelle,2737
laureats,2738
le,2739
le 10,2740
le 1er,2741
le bon,2742
le cadre,2743
le cas,2744
le centre,2745
le choix,2746
le citadel,2747
le compte,2748
le cour,2749
le cours,2750
le deroulement,2751
le developpement,2752
le devoir,2753
le devouement,2754
le domaine,2755
le fait,2756
le foner,2757
le formulaire,2758
le forum,2759
le groupe,2760
le jeudi,2761
le jury,2762
le lancement,2763
le lien,2764
le lieu,2765
le lundi,2766
le manque,2767
le mardi,2768
le marketing,2769
le menu,2770
le mode,2771
le model,2772
le monde,2773
le non,2774
le numerique,2775
le octobre,2776
le paiement,2777
le parisien,2778
le plaisir,2779
le plus,2780
le pr,2781
le premier,2782
le president,2783
le probleme,2784
le professeur,2785
le programme,2786
le projet,2787
le recrutement,2788
le referentiel,2789
le report,2790
le retard,2791
le retrait,2792
le site,2793
le soutien,2794
le succes,2795
le systeme,2796
le tableau,2797
le temps,2798
le theme,2799
le traitement,2800
le vendredi,2801
learning,2802
learning ml,2803
lefaso,2804
lefaso net,2805
lenovo,2806
lenovo celeron,2807
lenovo core,2808
leparisien,2809
leparisien fr,2810
les,2811
les 10giga,2812
les acces,2813
les acteurs,2814
les autres,2815
les bac,2816
les bonnes,2817
les candidats,2818
les candidatures,2819
les communiques,2820
les compositions,2821
les conditions,2822
les coordonnateurs,2823
les corrections,2824
les cours,2825
les defis,2826
les depenses,2827
les depots,2828
les details,2829
les deux,2830
les devoirs,2831
les diferentes_flieres,2832
les differentes,2833
les differents,2834
les difficultes,2835
les docteurs,2836
les dossiers,2837
les eleves,2838
les enjeux,2839
les enseignants,2840
les erreurs,2841
les etudes,2842
les etudiants,2843
les evaluations,2844
les examens,2845
les exercices,2846
les facultes,2847
les femmes,2848
les filieres,2849
les fonds,2850
les frais,2851
les gagnants,2852
les gens,2853
les grandes,2854
les hommes,2855
les identifiants,2856
les informaticiens,2857
les informations,2858
les inscriptions,2859
les instructions,2860
les jours,2861
les laureats,2862
les lieux,2863
les lignes,2864
les listes,2865
les megas,2866
les membres,2867
les modules,2868
les noms,2869
les non,2870
les notes,2871
les nouveaux,2872
les ordinateurs,2873
les orientations,2874
les outils,2875
les participants,2876
les performances,2877
les permet,2878
les principales,2879
les probleme,2880
les problemes,2881
les procedures,2882
les professeurs,2883
les puces,2884
les reclamations,2885
les rencontres,2886
les reponses,2887
les reseaux,2888
les ressources,2889
les resultats,2890
les retards,2891
les sessions,2892
les solutions,2893
les td,2894
les tp,2895
les travailleurs,2896
les travaux,2897
les tuteurs,2898
les universites,2899
les videos,2900
lettre,2901
lettres,2902
lettres modernes,2903
leur,2904
leur ordinateur,2905
leur resultat,2906
leur soutien,2907
leurs,2908
leurs cartes,2909
leurs manieres,2910
leurs ordinateurs,2911
levier,2912
levier de,2913
libre,2914
licence,2915
licence info,2916
liees,2917
liees aux,2918
lien,2919
lien avec,2920
lien bit,2921
lien de,2922
lien du,2923
lien est,2924
lien https,2925
lien inscription,2926
lien suivant,2927
lien yt,2928
liens,2929
liens utiles,2930
lies,2931
lies la,2932
lieu,2933
lieu de,2934
lieu du,2935
lieu la,2936
lieu le,2937
lieu souhaite,2938
lieu universite,2939
lieux,2940
lieux de,2941
lieux des,2942
ligne,2943
ligne bit,2944
ligne des,2945
ligne du,2946
ligne et,2947
ligne followers,2948
ligne inscription,2949
ligne le,2950
ligne les,2951
ligne mon,2952
ligne pareil,2953
ligne partir,2954
ligne sous,2955
ligne sur,2956
ligne universite,2957
ligne via,2958
lignes,2959
lignes bougent,2960
lilloise,2961
lilloise en,2962
limite,2963
limite 25,2964
lire,2965
lire plus,2966
liste,2967
liste attente,2968
liste des,2969
liste ici,2970
listes,2971
listes ci,2972
listes sur,2973
live,2974
live pour,2975
live zmdfyd,2976
livraison,2977
livraison en,2978
liwili,2979
liwili ocomar,2980
llms,2981
llms computer,2982
locales,2983
locales du,2984
locaux,2985
locaux pour,2986
logiciel,2987
logiciel les,2988
logiciel p23,2989
logiciels,2990
loin,2991
loin de,2992
lors,2993
lors de,2994
lors des,2995
lors du,2996
lorsqu,2997
lorsqu on,2998
lorsque,2999
lui,3000
lundi,3001
lundi 29,3002
lundi prochain,3003
luxways,3004
luxways le,3005
luxways uni_lu,3006
lwili,3007
ly,3008
ly 347cuqk,3009
ly 3hexecc,3010
ly 3k73tb0,3011
ly 3mckbcs,3012
ly 3mxbedj,3013
ly citadel,3014
ly forumonline1,3015
ly inscription,3016
ly participation,3017
ly programme,3018
ly seinar,3019
ly seminaire,3020
ma,3021
machine,3022
machine il,3023
machine learning,3024
machine ne,3025
machines,3026
mai,3027
mai 2022,3028
mail,3029
mail et,3030
mail par,3031
mails,3032
main,3033
main de,3034
main theme,3035
maintenant,3036
maintenant sur,3037
mairies,3038
mairies des,3039
mais,3040
mais helas,3041
mais la,3042
maison,3043
maison bosser,3044
maitrise,3045
maitrise de,3046
maitrise pas,3047
maitrisent,3048
maitrisent pas,3049
maitrisons,3050
maitrisons la,3051
majeures,3052
mal,3053
malheureusement,3054
maniere,3055
maniere de,3056
maniere dont,3057
maniere enseigner,3058
manieres,3059
manieres de,3060
manipulation,3061
manque,3062
manque de,3063
manquent,3064
manquez,3065
manquez pas,3066
marchandises,3067
marchandises lors,3068
mardi,3069
mardi octobre,3070
marie,3071
marie dipama,3072
marketing,3073
marketing reduire,3074
marque,3075
marques,3076
marques hp,3077
marques lenovo,3078
mars,3079
mars 2022,3080
mars 2023,3081
master,3082
master cybersecurite,3083
master dans,3084
master en,3085
master et,3086
master excellence,3087
master fouille,3088
master pour,3089
math,3090
math stats,3091
mathematiques,3092
mathematiques physique,3093
matiere,3094
matiere de,3095
matiere et,3096
matieres,3097
mauvais,3098
mauvais etat,3099
mauvaise,3100
mauvaises,3101
me,3102
mechancete,3103
mechancete des,3104
medicale,3105
medicale prediction,3106
medicaments,3107
medicaments ciblant,3108
mega,3109
mega pour,3110
megas,3111
megas de,3112
meilleur,3113
meilleur service,3114
meilleure,3115
meilleurs,3116
membres,3117
membres du,3118
membres et,3119
meme,3120
meme de,3121
meme maniere,3122
meme moment,3123
meme pas,3124
meme que,3125
meme si,3126
meme temps,3127
memoires,3128
memoires excellence,3129
mensuelle,3130
menu,3131
menu un,3132
merci,3133
merci aux,3134
merci beaucoup,3135
merci bien,3136
merci citadel,3137
merci de,3138
merci pour,3139
merci tous,3140
mercredi,3141
merite,3142
merite sur,3143
mes,3144
mesri,3145
mesrsi,3146
message,3147
messages,3148
mesure,3149
met,3150
met la,3151
met votre,3152
methode,3153
methodes,3154
metropole,3155
metropole lilloise,3156
mettre,3157
mettre un,3158
mianseh,3159
micro,3160
micropole,3161
micropole france,3162
microsoft,3163
mieux,3164
mieux comprendre,3165
mines,3166
mines explosives,3167
ming,3168
ming en,3169
ministere,3170
ministere enseignement,3171
ministre,3172
ministre apollinaire,3173
ministre de,3174
ministre dr,3175
minute,3176
minutes,3177
mis,3178
mis en,3179
mise,3180
mise disposition,3181
mise en,3182
mises,3183
mission,3184
mission universite,3185
ml,3186
ml pour,3187
mode,3188
mode de,3189
model,3190
model de,3191
modele,3192
modele de,3193
moderne,3194
modernes,3195
modifications,3196
modules,3197
moi,3198
moi de,3199
moi est,3200
moi meme,3201
moi pour,3202
moindre,3203
moins,3204
moins de,3205
moins une,3206
mois,3207
mois cet,3208
mois citadel,3209
mois pour,3210
mois une,3211
moment,3212
moment que,3213
moments,3214
mon,3215
mon collegue,3216
mon compte,3217
mon nouveau,3218
mon ordinateur,3219
mon probleme,3220
mon quartier,3221
mon rythme,3222
monde,3223
monde digital,3224
monde je,3225
mondiale,3226
mondiale des,3227
mondiaux,3228
mondiaux de,3229
montre,3230
montre comment,3231
mort,3232
mort embrun,3233
mot,3234
mot de,3235
mots,3236
mouammar,3237
mouammar kadhafi,3238
moyen,3239
moyenne,3240
moyennes,3241
moyens,3242
moyens pour,3243
msef,3244
multiplier,3245
multiplier les,3246
munir,3247
munir de,3248
musclee,3249
musclee hors,3250
nationale,3251
nationale de,3252
naviguer,3253
nazi,3254
nazi boni,3255
nb,3256
nb les,3257
ne,3258
ne les,3259
ne maitrisent,3260
ne manquez,3261
ne nous,3262
ne pas,3263
ne peut,3264
ne sait,3265
ne se,3266
ne sera,3267
ne seront,3268
ne sont,3269
necessaires,3270
necessaires pour,3271
negatif,3272
net,3273
net lefaso,3274
net spip,3275
net universite,3276
nikiema_jn,3277
nikiema_jn lien,3278
niveau,3279
niveau de,3280
niveau des,3281
niveau master,3282
nlp,3283
nom,3284
nombre,3285
nombre de,3286
nombreuses,3287
nombreux,3288
nombreux avantages,3289
nombreux itaun,3290
noms,3291
noms figurent,3292
non,3293
non loin,3294
non maitrise,3295
non prise,3296
non respect,3297
non virtuel,3298
norbert,3299
norbert zongo,3300
normal,3301
normale,3302
normalement,3303
norme,3304
norme pour,3305
nos,3306
nos differents,3307
nos erreurs,3308
nos membres,3309
nos notes,3310
nos tutoriels,3311
notamment,3312
note,3313
note de,3314
noter,3315
noter que,3316
notes,3317
notes et,3318
notes probleme,3319
notre,3320
notre club,3321
notre page,3322
notre plateforme,3323
notre site,3324
notre webinaire,3325
nous,3326
nous aide,3327
nous aider,3328
nous annoncons,3329
nous au,3330
nous aujourd,3331
nous avons,3332
nous donne,3333
nous en,3334
nous esperons,3335
nous explique,3336
nous faire,3337
nous la,3338
nous les,3339
nous organisons,3340
nous permet,3341
nous permettent,3342
nous pouvons,3343
nous rencontrons,3344
nous serons,3345
nous sommes,3346
nous tous,3347
nous vous,3348
nouveau,3349
nouveau certificat,3350
nouveaux,3351
nouveaux bacheliers,3352
nouveaux etudiants,3353
nouveauxetudiants,3354
nouveauxetudiants formationenligne,3355
nouvel,3356
nouvel outil,3357
nouvelle,3358
nouvelle auben,3359
nouvellement,3360
nouvellement orientes,3361
nouvelles,3362
nouvelles filieres,3363
novembre,3364
novembre 2022,3365
novembre 2023,3366
nuit,3367
numerique,3368
numerique ouvert,3369
numeriques,3370
numeriques ouversts,3371
numero,3372
numero de,3373
numero orange,3374
objectifs,3375
objectifs faciliter,3376
objet,3377
obtenir,3378
obtention,3379
obtention de,3380
occasion,3381
occasion de,3382
occupations,3383
ocomar,3384
ocomar gugustt,3385
octobre,3386
octobre 2021,3387
octobre 2022,3388
octobre 2024,3389
octobre et,3390
octroie,3391
octroie de,3392
oer,3393
oer rel,3394
oeuvre,3395
oeuvre avec,3396
of,3397
offerte,3398
offi,3399
officiel,3400
officiel burkinafaso,3401
officiel cenou,3402
officiel de,3403
officiel du,3404
officiel universite,3405
officielle,3406
offre,3407
offre de,3408
offre des,3409
offrent,3410
offrir,3411
on,3412
on affaire,3413
on compose,3414
on des,3415
on est,3416
on ete,3417
on fait,3418
on ne,3419
on nous,3420
on pas,3421
on peut,3422
on pouvait,3423
on rencontre,3424
on sait,3425
on va,3426
ont,3427
ont effectue,3428
ont en,3429
ont ete,3430
ont participe,3431
ont pas,3432
ont pris,3433
ont toujours,3434
open,3435
open spotify,3436
openburkina,3437
openburkina bissyandef,3438
openburkina cafdo_officiel,3439
openburkina idrc_crdi,3440
openburkina ils,3441
openburkina rdiuskaf,3442
openburkina sida,3443
openburkina titinto_,3444
operation,3445
operation policiere,3446
opportunite,3447
opportunite de,3448
opportunite est,3449
opportunite pour,3450
opportunites,3451
opportunites en,3452
optimisation,3453
or,3454
orange,3455
orange canicule,3456
orange puces,3457
ordinateur,3458
ordinateur campusfaso,3459
ordinateur est,3460
ordinateur et,3461
ordinateur performant,3462
ordinateur pour,3463
ordinateur subventionne,3464
ordinateur universite,3465
ordinateurs,3466
ordinateurs de,3467
ordinateurs et,3468
ordinateurs la,3469
ordinateurs les,3470
ordinateurs marques,3471
ordinateurs pour,3472
ordinateurs qu,3473
ordinateurs se,3474
ordinateurs sont,3475
org,3476
organisation,3477
organisation des,3478
organisation personnelle,3479
organise,3480
organise par,3481
organise une,3482
organisee,3483
organisent,3484
organisent une,3485
organiser,3486
organiser des,3487
organisons,3488
organisons une,3489
orientation,3490
orientation au,3491
orientation dans,3492
orientation des,3493
orientations,3494
orientations dans,3495
orientations du,3496
oriente,3497
oriente uv,3498
orientes,3499
orientes dans,3500
ou,3501
ou de,3502
ou des,3503
ou en,3504
ou meme,3505
ou pas,3506
ou trois,3507
ou1david,3508
ou1david ingenieur,3509
ouaga,3510
ouaga 2000,3511
ouaga 24,3512
ouaga pr,3513
ouagadougou,3514
ouagadougou epo,3515
ouagadougou espace,3516
ouagadougou et,3517
ouahigouya,3518
ouahigouya uohg,3519
ouamdande,3520
oubliez,3521
oubliez pas,3522
ouca,3523
ouca esse,3524
ouedraogo,3525
ouest,3526
ouest universite,3527
ouezzin,3528
ouezzin coulibaly,3529
oui,3530
oui les,3531
ouily,3532
ouily 01,3533
ouily fellow,3534
outil,3535
outil de,3536
outil informatique,3537
outils,3538
outils essentielles,3539
ouversts,3540
ouversts dans,3541
ouvert,3542
ouvert au,3543
ouvert de,3544
ouvert eno,3545
ouverte,3546
ouverte des,3547
ouverte toute,3548
ouvertes,3549
ouvertes en,3550
ouverts,3551
ouverture,3552
ouverture de,3553
ouverture soyez,3554
ouverturedesdonnees,3555
ouverturedesdonnees felicitations,3556
ouvrage,3557
ouvrir,3558
ouvrir mon,3559
p23,3560
p23 qui,3561
page,3562
page facebook,3563
paiement,3564
paiement des,3565
panel,3566
panel ouverture,3567
paneliste,3568
paneliste hamed,3569
papier,3570
papier le,3571
par,3572
par ailleurs,3573
par avenir,3574
par balle,3575
par certains,3576
par ces,3577
par citadel,3578
par contre,3579
par des,3580
par etape,3581
par etat,3582
par exemple,3583
par jour,3584
par la,3585
par le,3586
par les,3587
par moi,3588
par mois,3589
par ou1david,3590
par rapport,3591
par ricoattou,3592
par ville,3593
par wacren,3594
parallele,3595
parallele elle,3596
parce,3597
parce qu,3598
parce que,3599
parcours,3600
pareil,3601
pareil pour,3602
parents,3603
paresseux,3604
parfois,3605
parfois difficile,3606
parisien,3607
parler,3608
parmi,3609
part,3610
part atelier,3611
part dans,3612
part de,3613
part et,3614
part la,3615
partage,3616
partage experience,3617
partage ses,3618
partager,3619
partager avec,3620
partenaires,3621
partenariat,3622
partenariat avec,3623
participants,3624
participation,3625
participation bit,3626
participation programme,3627
participe,3628
participe cet,3629
participer,3630
participer distance,3631
participer en,3632
participez,3633
participez cette,3634
particulier,3635
partie,3636
partiel,3637
partiel installes,3638
partir,3639
partir de,3640
partir du,3641
partout,3642
partout ou,3643
pas,3644
pas accessible,3645
pas besoin,3646
pas bien,3647
pas ce,3648
pas cette,3649
pas dans,3650
pas de,3651
pas du,3652
pas encore,3653
pas etre,3654
pas eu,3655
pas facile,3656
pas installer,3657
pas la,3658
pas le,3659
pas les,3660
pas leur,3661
pas leurs,3662
pas nous,3663
pas possible,3664
pas pu,3665
pas recu,3666
pas stable,3667
pas sur,3668
pas trop,3669
pas une,3670
pas vers,3671
passe,3672
passent,3673
passer,3674
passer espace,3675
patience,3676
payer,3677
pays,3678
pays des,3679
pays freres,3680
pdf,3681
pdg,3682
pdg de,3683
pedagogique,3684
pedagogique en,3685
pedagogiques,3686
pedagogiques de,3687
pendant,3688
pendant les,3689
pendant que,3690
pense,3691
pense que,3692
perdre,3693
performances,3694
performant,3695
performant pour,3696
performants,3697
periode,3698
periode de,3699
permet,3700
permet de,3701
permet pas,3702
permettant,3703
permettent,3704
permettent de,3705
permettra,3706
permettra de,3707
permettre,3708
personne,3709
personne interessee,3710
personne vous,3711
personnel,3712
personnelle,3713
personnes,3714
perspectives,3715
perspectives pour,3716
perturbant,3717
perturbant le,3718
perturbe,3719
peu,3720
peu de,3721
peu inch,3722
peut,3723
peut etre,3724
peut pas,3725
peut stimuler,3726
peut toujours,3727
peuvent,3728
peuvent passer,3729
peux,3730
peux pas,3731
php,3732
php artic,3733
php cita,3734
php nos,3735
php stor,3736
physique,3737
physique et,3738
pieces,3739
place,3740
place des,3741
place pour,3742
place une,3743
placee,3744
placee sous,3745
places,3746
places en,3747
plaintes,3748
plaisir,3749
plaisir de,3750
planning,3751
planning sivant,3752
plateforme,3753
plateforme au,3754
plateforme campus,3755
plateforme campusfaso,3756
plateforme de,3757
plateforme est,3758
plateforme forme,3759
plateforme les,3760
plateforme lors,3761
plateforme ou,3762
plateforme pour,3763
plateforme surtout,3764
plateformes,3765
plateformes iut,3766
pleine,3767
pleine finition,3768
pleine rue,3769
plume,3770
plume bf,3771
plupart,3772
plupart des,3773
plus,3774
plus avec,3775
plus bit,3776
plus de,3777
plus grande,3778
plus https,3779
plus ici,3780
plus il,3781
plus informations,3782
plus la,3783
plus les,3784
plus que,3785
plus sur,3786
plus tard,3787
plusieurs,3788
plusieurs etudiants,3789
plutot,3790
po,3791
point,3792
points,3793
policiere,3794
policiere musclee,3795
politiques,3796
polytechnique,3797
polytechnique de,3798
porte,3799
porte la,3800
pose,3801
poser,3802
poser des,3803
positif,3804
possession,3805
possession ne,3806
possibilite,3807
possibilite de,3808
possible,3809
possible de,3810
postes,3811
postulez,3812
postulez bit,3813
pour,3814
pour acceder,3815
pour ameliorer,3816
pour beneficier,3817
pour ce,3818
pour certaines,3819
pour cette,3820
pour ceux,3821
pour chaque,3822
pour co,3823
pour composer,3824
pour comprendre,3825
pour des,3826
pour egalite,3827
pour en,3828
pour enseignement,3829
pour envoyer,3830
pour eux,3831
pour eviter,3832
pour expliquer,3833
pour faciliter,3834
pour finir,3835
pour interpeller,3836
pour la,3837
pour le,3838
pour les,3839
pour leur,3840
pour leurs,3841
pour mieux,3842
pour moi,3843
pour nous,3844
pour participer,3845
pour plus,3846
pour prendre,3847
pour reussir,3848
pour suivre,3849
pour toi,3850
pour tous,3851
pour toute,3852
pour trois,3853
pour un,3854
pour une,3855
pour vous,3856
pourquoi,3857
pourquoi il,3858
pourrait,3859
pourriture,3860
pourriture chelles,3861
pourront,3862
poursuivre,3863
pourtant,3864
pouvait,3865
pouvez,3866
pouvoir,3867
pouvoir suivre,3868
pouvons,3869
pr,3870
pr dipama,3871
pr jean,3872
pr joseph,3873
pr nikiema_jn,3874
pratique,3875
pratique en,3876
pratiques,3877
precis,3878
prediction,3879
prediction des,3880
premier,3881
premier ministre,3882
premiere,3883
premiere annee,3884
premiere session,3885
premierement,3886
premiers,3887
prenaient,3888
prenaient part,3889
prendre,3890
prendre de,3891
prendre en,3892
prendre les,3893
prendre part,3894
prenez,3895
prennent,3896
preoccupations,3897
preoccupations des,3898
presence,3899
presence des,3900
present,3901
presentation,3902
presentation des,3903
presente,3904
presenter,3905
presenteront,3906
presenteront le,3907
presentiel,3908
presentiel est,3909
presentiel et,3910
presentiel uv,3911
presidence,3912
presidence de,3913
president,3914
president de,3915
president du,3916
presidents,3917
pression,3918
prestations,3919
prestations de,3920
presumes,3921
presumes du,3922
pret,3923
pret des,3924
prevu,3925
prevue,3926
prevue pour,3927
prevues,3928
prevues selon,3929
pries,3930
pries de,3931
principales,3932
principales difficultes,3933
pris,3934
prise,3935
prise de,3936
prise en,3937
prison,3938
prison avec,3939
prive,3940
privees,3941
privees du,3942
prix,3943
probleme,3944
probleme de,3945
probleme des,3946
probleme est,3947
problemes,3948
problemes de,3949
problemes techniques,3950
procedure,3951
procedures,3952
procedures de,3953
prochain,3954
prochain koubri,3955
procuration,3956
procuration en,3957
production,3958
production des,3959
prof,3960
professeur,3961
professeurs,3962
professeurs de,3963
professeurs et,3964
professionnels,3965
profit,3966
profit des,3967
programmation,3968
programmation des,3969
programme,3970
programme de,3971
programme des,3972
programme disponible,3973
programme etudiant,3974
programme felicitations,3975
programme par,3976
programme semi,3977
programme un,3978
programmee,3979
programmee pour,3980
programmes,3981
projet,3982
projet africa,3983
projet de,3984
projet luxways,3985
projets,3986
projets auf_afriqueo,3987
projets de,3988
promesse,3989
promesse 23,3990
promptitude,3991
propre,3992
prorogee,3993
pu,3994
public,3995
public en,3996
public qu,3997
public que,3998
public quelles,3999
publication,4000
publication des,4001
publie,4002
publique,4003
publique burkinabe,4004
publique et,4005
publiques,4006
publiques du,4007
publiques et,4008
puce,4009
puce de,4010
puces,4011
puces de,4012
puces telephoniques,4013
puis,4014
puisque,4015
pure,4016
pv,4017
pw3c,4018
python,4019
python requis,4020
qu,4021
qu elle,4022
qu enseignante,4023
qu il,4024
qu ils,4025
qu on,4026
qu un,4027
qualite,4028
qualite de,4029
qualite des,4030
qualite du,4031
qualite et,4032
qualite pour,4033
qualites,4034
quartier,4035
quartier dans,4036
quatre,4037
quatre hommes,4038
que,4039
que ai,4040
que aimerais,4041
que apprecie,4042
que certains,4043
que dans,4044
que de,4045
que est,4046
que je,4047
que la,4048
que le,4049
que les,4050
que nous,4051
que on,4052
que quelques,4053
que souvent,4054
que tout,4055
que toutes,4056
que universite,4057
que vous,4058
quel,4059
quelles,4060
quelles conditions,4061
quelques,4062
quelques heures,4063
question,4064
question de,4065
questions,4066
questions 2mwi,4067
questions 4afv,4068
questions 6j39,4069
questions 95s5,4070
questions de,4071
questions pw3c,4072
questions sont,4073
qui,4074
qui comprend,4075
qui constituent,4076
qui est,4077
qui explorera,4078
qui limite,4079
qui lui,4080
qui me,4081
qui ne,4082
qui nous,4083
qui ont,4084
qui rend,4085
qui se,4086
qui seront,4087
qui sont,4088
qui vient,4089
raiffetmonde,4090
raiffetmonde uv,4091
rapide,4092
rapide des,4093
rapidement,4094
rapidement pour,4095
rappel,4096
rappel les,4097
rapport,4098
rate,4099
rattrapage,4100
rattrapage des,4101
rattrapage pour,4102
rdiuskaf,4103
rdiuskaf ai4dev,4104
rdiuskaf chuyalgado,4105
rdiuskaf estellenassouri,4106
rdiuskaf inscription,4107
rdiuskaf titinto_,4108
rdv,4109
rdv 18,4110
rdv du,4111
realisation,4112
realisation de,4113
realisation du,4114
realite,4115
recevoir,4116
recevoir de,4117
rechargees,4118
rechargees hauteur,4119
recherche,4120
recherche de,4121
recherche et,4122
recherche medicale,4123
recherche scientifique,4124
recherches,4125
recherches je,4126
reclamation,4127
reclamations,4128
reclamations des,4129
reconnaissance,4130
reconnaissance de,4131
reconnaitre,4132
reconnu,4133
reconnu des,4134
recrutement,4135
recrutement complementaire,4136
recrutement etudiants,4137
recrutement sur,4138
recrutement universite,4139
recu,4140
recu des,4141
recu leurs,4142
recu mon,4143
recuperer,4144
recuperer leurs,4145
redaction,4146
redaction scientifique,4147
reduction,4148
reduire,4149
reduire les,4150
referentiel,4151
referentiel des,4152
reflechir,4153
region,4154
region laprovence,4155
regional,4156
regional adjoint,4157
regions,4158
regions dont,4159
regulierement,4160
regulierement inscrits,4161
rejoignez,4162
rejoignez notre,4163
rejoignez nous,4164
rejoins,4165
rejoins le,4166
rel,4167
rel et,4168
relatives,4169
relever,4170
remerciements,4171
remise,4172
remise des,4173
remplir,4174
remplir le,4175
remplir soigneusement,4176
remplissant,4177
remplissant le,4178
rencontre,4179
rencontre accueil,4180
rencontre beaucoup,4181
rencontre des,4182
rencontrees,4183
rencontrees uv,4184
rencontrent,4185
rencontreront,4186
rencontreront des,4187
rencontres,4188
rencontres idneuf4,4189
rencontrons,4190
rend,4191
rendent,4192
rendez,4193
rendez vous,4194
rendre,4195
renforcement,4196
renforcement des,4197
renforcer,4198
renseigner,4199
renseigner le,4200
rentabilite,4201
rentabilite animee,4202
rentree,4203
rentree academique,4204
rentree est,4205
rentree2024,4206
rentree2024 nouveauxetudiants,4207
rentree2024 uv,4208
rentree_academique,4209
rentree_academique 2024,4210
repond,4211
repond aux,4212
repondre,4213
repondre aux,4214
reponse,4215
reponses,4216
report,4217
report des,4218
repose,4219
representants,4220
representants entreprises,4221
representer,4222
requis,4223
requis postulez,4224
reseau,4225
reseau honneur,4226
reseaux,4227
reseaux sociaux,4228
respect,4229
respect du,4230
responsable,4231
responsable de,4232
responsable des,4233
responsables,4234
responsables de,4235
responsables des,4236
ressources,4237
reste,4238
rester,4239
rester la,4240
restera,4241
resultat,4242
resultat de,4243
resultats,4244
resultats avec,4245
resultats bit,4246
resultats complets,4247
resultats de,4248
resultats des,4249
resultats du,4250
resultats felicitations,4251
resultats sont,4252
retard,4253
retard dans,4254
retard de,4255
retard des,4256
retard et,4257
retards,4258
retards dans,4259
retenu,4260
retenu deux,4261
retirer,4262
retour,4263
retour les,4264
retour pour,4265
retrait,4266
retrait de,4267
retrait des,4268
retrait pour,4269
retrouve,4270
retrouve mort,4271
retrouver,4272
retrouvez,4273
retrouvez 14h30,4274
retrouvez integralite,4275
retrouvez plus,4276
reussir,4277
reussir cette,4278
reussite,4279
reviser,4280
revivez,4281
revivez la,4282
revoir,4283
revoir universite_jkz,4284
revoit,4285
riche,4286
riche en,4287
ricoattou,4288
ricoattou un,4289
rien,4290
rien probleme,4291
rigueur,4292
risque,4293
risque de,4294
role,4295
role ca,4296
romain,4297
romain auzary,4298
rubelles,4299
rubelles bracelet,4300
rue,4301
rue fontaine,4302
rythme,4303
rythme les,4304
sa,4305
sa cnib,4306
sait,4307
sait de,4308
sait meme,4309
salaries,4310
salaries et,4311
salifou,4312
salifou haroun,4313
salle,4314
salle de,4315
sankara,4316
sankara officiel,4317
sankara universite,4318
sans,4319
sans pression,4320
sans se,4321
sante,4322
sante definition,4323
sante et,4324
satisfaction,4325
satisfaction de,4326
sava,4327
savoir,4328
savoir plus,4329
savoir si,4330
savoir sur,4331
sc,4332
sc 2022,4333
sc_2022,4334
sc_2022 aura,4335
school,4336
school 2022,4337
school cita,4338
science,4339
science et,4340
sciences,4341
sciences de,4342
sciences economiques,4343
sciences fondamentales,4344
sciences transversales,4345
scientifique,4346
scientifique de,4347
scientifique des,4348
scientifique et,4349
scientifiques,4350
scooter,4351
scooter en,4352
se,4353
se connecter,4354
se deplacer,4355
se deroulent,4356
se deroulera,4357
se derouleront,4358
se fait,4359
se font,4360
se former,4361
se munir,4362
se passent,4363
se pour,4364
se sont,4365
se tiendra,4366
seance,4367
seance de,4368
seances,4369
secours,4370
secours de,4371
securite,4372
sein,4373
sein de,4374
seinar,4375
seinar indabax,4376
seinar une,4377
sejour,4378
sejour dans,4379
sejour source,4380
selection,4381
selection etudiant,4382
selection finale,4383
selectionne,4384
selectionne es,4385
selectionnes,4386
selectionnes pour,4387
selon,4388
selon la,4389
selon le,4390
selon moi,4391
sem,4392
sem ai4dev,4393
semaine,4394
semaine africaine,4395
semaine de,4396
semaine du,4397
semaine pour,4398
semaine subventionnes,4399
semaineingenierie,4400
semaines,4401
semestre,4402
semestres,4403
semi,4404
semi ai4dev,4405
seminaire,4406
seminaire est,4407
seminaire ia,4408
seminaire sur,4409
seminaires,4410
seminaires en,4411
senegal,4412
senegal avec,4413
sent,4414
sep,4415
sep isge,4416
septembre,4417
septembre 2022,4418
septembre 2023,4419
septembre 2024,4420
sera,4421
sera bucarest,4422
sera faite,4423
serait,4424
serie,4425
serie ateliers,4426
seront,4427
seront bientot,4428
seront envoyes,4429
seront rechargees,4430
service,4431
service assistance,4432
service votre,4433
services,4434
ses,4435
ses connaissances,4436
ses etats,4437
ses etudiants,4438
ses formations,4439
session,4440
session de,4441
session information,4442
sessions,4443
sessions de,4444
seul,4445
seule,4446
seule difficulte,4447
seulement,4448
sexes,4449
sexes au,4450
si,4451
si on,4452
si tu,4453
si vous,4454
siao,4455
sida,4456
sida idrc_crdi,4457
sida openburkina,4458
siege,4459
siege de,4460
siege universite,4461
sigburkina,4462
sigburkina burkinafaso,4463
sim,4464
sim orange,4465
simple,4466
simultanement,4467
sinon,4468
sis,4469
sis ouaga,4470
site,4471
site du,4472
site internet,4473
site questions,4474
site web,4475
soir,4476
soit,4477
solidarite,4478
solidarite entre,4479
solution,4480
solutions,4481
solutions innovantes,4482
sommatives,4483
sommatives qui,4484
sommes,4485
son,4486
son faits,4487
son ine,4488
son ordinateur,4489
sondage,4490
sont,4491
sont bien,4492
sont disponibles,4493
sont la,4494
sont les,4495
sont ouvertes,4496
sont pas,4497
sont prevues,4498
sont pries,4499
sont tres,4500
souhaite,4501
souhaite pour,4502
souhaite que,4503
souhaitent,4504
souligne,4505
souligner,4506
soumettre,4507
soumission,4508
source,4509
source le,4510
sous,4511
sous la,4512
souscrit,4513
souscrit des,4514
soutien,4515
soutien de,4516
soutien universite,4517
souvent,4518
souvent la,4519
souvent le,4520
souvent les,4521
souvent on,4522
soyez,4523
specifique,4524
specifique sera,4525
stable,4526
stable et,4527
stage,4528
stagiaires,4529
structure,4530
subvention,4531
subvention des,4532
subventionnes,4533
subventionnes par,4534
succes,4535
suffisent,4536
suffisent pas,4537
suis,4538
suite,4539
suivant,4540
suivant https,4541
suivante,4542
suivi,4543
suivre,4544
suivre certains,4545
suivre invite,4546
suivre le,4547
suivre les,4548
summer,4549
summer school,4550
superieur,4551
superieur bientot,4552
superieur de,4553
superieur dgesup,4554
superieur recherche,4555
supports,4556
supports de,4557
sur,4558
sur bf1,4559
sur celui,4560
sur ces,4561
sur des,4562
sur dossier,4563
sur intelligence,4564
sur la,4565
sur le,4566
sur les,4567
sur notre,4568
sur ordinateur,4569
sur papier,4570
sur place,4571
sur table,4572
sur une,4573
sur www,4574
surtout,4575
surtout la,4576
surtout pour,4577
surveillants,4578
svt,4579
systeme,4580
systeme de,4581
ta,4582
table,4583
table et,4584
tableau,4585
tache,4586
talents,4587
talents locaux,4588
talk,4589
talk invitation,4590
talk_invitation,4591
talk_invitation sur,4592
tambela,4593
tambela inaugure,4594
tant,4595
tant qu,4596
tant que,4597
tard,4598
tard le,4599
td,4600
td en,4601
td et,4602
td je,4603
td pour,4604
te,4605
tech,4606
technique,4607
technique ou,4608
techniques,4609
techniques de,4610
techniques ia,4611
technologie,4612
technologies,4613
technologies educatives,4614
technologies pour,4615
teg,4616
teg wende,4617
telecharger,4618
teledetection,4619
telemedecine,4620
telephone,4621
telephoniques,4622
telephoniques afin,4623
telephoniques dediees,4624
telles,4625
tels,4626
tels que,4627
temps,4628
temps imparti,4629
temps pour,4630
tenir,4631
tenir compte,4632
tenkodogo,4633
tenu,4634
tenu uvbf,4635
tenue,4636
terminer,4637
terre,4638
test,4639
test de,4640
the,4641
theme,4642
theme du,4643
theme etude,4644
theme innovation,4645
these,4646
these en,4647
thomas,4648
thomas sankara,4649
tic,4650
tic pour,4651
tiendra,4652
tierce,4653
tierce personne,4654
tire,4655
titinto_,4656
titinto_ bissyandef,4657
titinto_ openburkina,4658
titinto_ rdiuskaf,4659
titre,4660
titre de,4661
titres,4662
titres de,4663
tizane,4664
tizane daho,4665
toi,4666
tolerance,4667
tomber,4668
ton,4669
totalement,4670
toujours,4671
toujours pas,4672
toulouse,4673
tour,4674
tous,4675
tous et,4676
tous les,4677
tous ses,4678
tous uvbf,4679
tout,4680
tout comme,4681
tout en,4682
tout est,4683
tout le,4684
tout les,4685
tout savoir,4686
toute,4687
toute la,4688
toutefois,4689
toutes,4690
toutes les,4691
tp,4692
tp les,4693
traduction,4694
traduction automatique,4695
traitement,4696
traiter,4697
transformation,4698
transversales,4699
travail,4700
travail la,4701
travail uvciv,4702
travailler,4703
travailleurs,4704
travaux,4705
travaux felicitations,4706
travaux pratiques,4707
travers,4708
travers ce,4709
travers la,4710
travers le,4711
travers les,4712
tres,4713
tres riche,4714
trois,4715
troisieme,4716
trop,4717
trop de,4718
trouve,4719
trouver,4720
trouverez,4721
trouverez plus,4722
trouves,4723
tu,4724
tu as,4725
tu es,4726
tu peux,4727
tu trouves,4728
tuteurs,4729
tutorats,4730
tutoriel,4731
tutoriel vous,4732
tutoriels,4733
tutoriels de,4734
tutoriels video,4735
tv,4736
tv de,4737
umontreal,4738
umontreal espum_udem,4739
un,4740
un acces,4741
un appel,4742
un aspect,4743
un atout,4744
un cadre,4745
un devoir,4746
un enseignement,4747
un etudiant,4748
un examen,4749
un formulaire,4750
un grand,4751
un impact,4752
un meilleur,4753
un message,4754
un monde,4755
un ordinateur,4756
un partage,4757
un peu,4758
un recrutement,4759
un sejour,4760
un travail,4761
un wifi,4762
unchk_sn,4763
unchk_sn dr,4764
une,4765
une bonne,4766
une bourse,4767
une communication,4768
une decision,4769
une delegation,4770
une des,4771
une difficulte,4772
une fois,4773
une formation,4774
une grande,4775
une note,4776
une periode,4777
une procuration,4778
une semaine,4779
une serie,4780
une session,4781
une seule,4782
une tierce,4783
une universite,4784
une vingtaine,4785
une visite,4786
unesco,4787
unesco et,4788
unique,4789
uniquement,4790
univ,4791
universitaire,4792
universitaire de,4793
universitaires,4794
universitaires de,4795
universite,4796
universite aube,4797
universite campusfaso,4798
universite daniel,4799
universite de,4800
universite est,4801
universite joseph,4802
universite nazi,4803
universite norbert,4804
universite ouaga,4805
universite publique,4806
universite se,4807
universite thomas,4808
universite virtuel,4809
universite virtuelle,4810
universite_jkz,4811
universite_jkz ai4dev,4812
universite_jkz openburkina,4813
universite_jkz uvbf,4814
universites,4815
universites classiques,4816
universites du,4817
universites publiques,4818
uohg,4819
uohg universite,4820
usage,4821
utdaburkina_faso,4822
utdaburkina_faso utdainfo,4823
utdainfo,4824
utile,4825
utiles,4826
utiles pour,4827
utilisation,4828
utilisent,4829
utiliser,4830
utilisez,4831
uv,4832
uv bf,4833
uv est,4834
uv les,4835
uv souscrit,4836
uvbf,4837
uvbf auf,4838
uvbf avec,4839
uvbf ecole,4840
uvbf en,4841
uvbf est,4842
uvbf et,4843
uvbf informe,4844
uvbf inscription,4845
uvbf les,4846
uvbf ouverture,4847
uvbf pour,4848
uvbf rentree2024,4849
uvbf universite,4850
uvciv,4851
uvciv avec,4852
uvciv bienvenue,4853
uvciv cc,4854
uvs_senegal,4855
uvs_senegal et,4856
uvs_senegal le,4857
uvt_tunisie,4858
uvt_tunisie uvs_senegal,4859
va,4860
vacances,4861
vacataire,4862
vacataire en,4863
valide,4864
vaquer,4865
vbf,4866
veille,4867
vendredi,4868
vendredi 18,4869
venir,4870
verifier,4871
veritable,4872
vers,4873
veulent,4874
via,4875
via la,4876
video,4877
video sur,4878
video vous,4879
videos,4880
vie,4881
vie et,4882
viennent,4883
vient,4884
ville,4885
villes,4886
villes de,4887
vingtaine,4888
vingtaine etudiants,4889
virtuel,4890
virtuel qui,4891
virtuelle,4892
virtuelle au,4893
virtuelle de,4894
virtuelle du,4895
virtuelle est,4896
virtuelle la,4897
virtuelle les,4898
virtuelle offre,4899
virtuelle ou,4900
virtuelle pour,4901
virtuelle tu,4902
virtuelle uvbf,4903
vis,4904
vis des,4905
vis vis,4906
vise,4907
visio,4908
vision,4909
visite,4910
visite de,4911
visite sur,4912
voici,4913
voici les,4914
voir,4915
voir plus,4916
volonte,4917
vont,4918
vos,4919
vos cours,4920
vos questions,4921
votre,4922
votre apprentissage,4923
votre disposition,4924
votre meilleur,4925
voulez,4926
vouloir,4927
vous,4928
vous aidera,4929
vous annoncer,4930
vous apprendrez,4931
vous avez,4932
vous decouvrirez,4933
vous devez,4934
vous en,4935
vous est,4936
vous etes,4937
vous ici,4938
vous inscrire,4939
vous seront,4940
vous trouverez,4941
vous voulez,4942
vrai,4943
vrai que,4944
vraiment,4945
vraiment pas,4946
vu,4947
vue,4948
wacren,4949
watch,4950
watch 5j1dolpaiiw,4951
web,4952
web https,4953
web tv,4954
webinaire,4955
wende,4956
wende titinto_,4957
whatsapp,4958
whatsapp com,4959
whatsapp info,4960
wifi,4961
womens,4962
www,4963
www campusfaso,4964
www uv,4965
www youtube,4966
ya,4967
ya des,4968
ya un,4969
youtu,4970
youtu be,4971
youtube,4972
youtube com,4973
youtube de,4974
yt,4975
yt youtube,4976
zerbo,4977
zerbo et,4978
zerbo liens,4979
zerbo plus,4980
zerbo universite,4981
zero,4982
ziniare,4983
zmdfyd,4984
zmdfyd d_,4985
zones,4986
zongo,4987
zongo enseignant,4988
zongo universite,4989
Å“uvre,4990
Å“uvre de,4991
ãªã„,4992
ãªã„ boxfresh,4993
ãƒ’ãƒ’ã‚‹,4994
ãƒ’ãƒ’ã‚‹ bf,4995
ä¸‹æ‰‹ã¦ã™,4996
ä¸‹æ‰‹ã¦ã™ æœ€é«˜150ã‚ã‚‹ã‹ãªã„ã‹ã¦ã™ã‹ã‚‰,4997
æœ€é«˜150ã‚ã‚‹ã‹ãªã„ã‹ã¦ã™ã‹ã‚‰,4998
æœ€é«˜150ã‚ã‚‹ã‹ãªã„ã‹ã¦ã™ã‹ã‚‰ boxfresh,4999
