Author,Tweet
,
anonyme,Les cours sont int√©ressants mais parfois difficiles √† suivre √† cause des coupures de connexion.
anonyme,"Oui je pense que il ya des failles ! La connexion n'est pas stable, et en plus la qualit√© du cours n'est pas trop √ßa !"
anonyme,"L'universit√© virtuelle du Burkina Faso, est une universit√© de qualit√©, car elle permet non seulement de suivre les cours en temps aupportun et aussi partout o√π l'on se trouve, c'est d√©j√† une qualit√© appr√©ciable. Le virtuel nous aide √† suivre nos diff√©rents cours sans √† se d√©placer comme ceux du pr√©sentiel, c'est un atout consid√©rable pour toute la jeunesse burkinab√®. Elle permet √©galement la formation de qualit√© car c'est devenu une universit√© autonome et m√™me s'il ya des d√©fis √† relever elle est cependant un poids positif pour la bonne formation des √©tudiants de ladite soci√©t√©. Nous esp√©rons dans un futur proche qu'il y aura plusieurs universit√©s virtuelles un peu partout dans toutes les r√©gions et pourquoi pas dans des provinces. Vive l'universit√© virtuelle pour une formation de qualit√© qui constituera un nouveau poids pour √©pauler la jeunesse."
anonyme,Rien √† dire! J'adore le UV-BF
anonyme,Formidable !  J'appr√©cie beaucoup ! Il n'y a pas de difficult√©s en tant que telles!
anonyme,"L'universit√© virtuelle offre pas mal d'avantages notamment le fait de pouvoir suivre les chez soi sans avoir √† se d√©placer. Les √©tudes √† l'Uv, c'est vraiment pas facile avec les probl√®mes de connexion r√©curent."
anonyme,La mani√®re de dispenser le cour en ligne Probl√®me li√© √† la connexion
anonyme,L'enseignement est de qualit√© √† l'uv Les difficult√©s ne manquent pas
anonyme,Les cours sont flexibles  Il y a des probl√®mes de connexion dans certaines zones
anonyme,"Les cours sont en ligne donc on peut suivre les cours se d√©placer, c'est vraiment int√©ressant  Les √©tudiants subissent beaucoup d'injustices √† l'UV les enseignants font ce qu'ils veulent sans se soucier des √©tudiants"
anonyme,L'universit√© virtuelle offre de nombreux avantages parmi lesquels le fait m√™me que les cours se d√©roulent en ligne  L'universit√© fait des efforts pour am√©liorer certaines choses
anonyme,L'universit√© virtuelle offre √©norm√©ment d'avantages notamment des fili√®res qui sont pour la plupart techniques  Il y'a beaucoup de retards dans certaines fili√®res ce qui n'est pas agr√©able du tout
anonyme,La facilit√© d'acc√®s aux cours Allocation mensuelle insuffisante surtout pour les √©tudiants ne pouvant pas s'offrir un wifi
anonyme,Pas grand chose La connexion
anonyme,La flexibilit√© de la formation et l'ouverture sur le num√©rique. Cadre de suivi rigoureux le ph√©nom√®ne de la tricherie est une plaie ouverte. Comme tout syst√®me c'est l'accompagnement vers la recherche et une plus grande orientation des √©tudiants.
anonyme,Le d√©roulement des cours  Souvent le probl√®me de la connexion
anonyme,Oui  L'insuffisance de connexion  Mauvais algorithme de correction lors des devoirs en ligne
anonyme,"La flexibilit√© ,tu peux organiser  ton emploi du temps selon ta disponibilit√© m√™me si les visio sont faits selon la disponibilit√© des docteurs. l'accessibilit√© ,tu n'as pas besoin de te d√©placer Pour apprendre ,les 10giga m√™me si c'est pas suffisant nous aident beaucoup. Il ya franchement des probl√®mes techniques ,les bugs font que souvent les bonnes r√©ponses ne sont prises en compte, probl√®me d'acc√®s √† la plateforme surtout lors des devoirs qui font que certains √©tudiants n'arrivent pas √† composer ,peu de pratique ,pas de manipulation directe qui limite l'apprentissage dans certaines fili√®res et qui est n√©cessaire , les ordinateurs ne sont pas du tout performants surtout dans les fili√®res on doit installer des logiciels lourds.certains ordinateurs nous devons brancher pour pouvoir manipuler.alors que nous composons dans des endroits o√π il ya tr√®s peu de prises comme √† l' IDS.La correction automatique est programm√©e pour n'accepter qu'une seule r√©ponse exacte sans tol√©rance pour les variantes par exemple un bassin versant#le bassin versant . Donc une √©volution du syst√®me permettant d'ajouter plusieurs r√©ponses valides ou d'utiliser une reconnaissance de mots cl√©s serait beaucoup plus b√©n√©fique."
anonyme,L'enseignement  Probl√®me de connexion lors des √©valuations
anonyme,La qualit√© de la formation Comme difficult√©s nous avons l'insuffisance des m√©ga
anonyme,La mani√®re de faire le cours  Les m√©gas sont insuffisants pour suivre les cours
anonyme,L'apprentissage √† distance  Le retard des compositions apr√®s les cours le mode d'√©valuation √† revoir
anonyme,"Rien Probl√®me de connexion Internet. Probl√®me de fiabilit√© de la sant√© plateforme, trop de malhonn√™te, manque de suivi...."
anonyme,L'id√©e de la formation en ligne  Il ya un manque de compr√©hension vis a vis des enseignants et des √©tudiants. Ils ne r√©pondent pas √† tout nos pr√©occupations et sa se refl√®tent √† travers nos notes et il n'y a pas de master pour ceux qui veulent continuer.
anonyme,"La qualit√© de l‚Äôenseignement  Au niveau des Devoirs on rencontre des difficult√©s √©norme, comme les devoirs sur table on peut s‚Äôattendre √† un QCM et o√π √† des pointill√©s, mais la machine ne conna√Æt pas de synonymes et cela nous emp√™che d‚Äôavancer par rapport √† la moyenne, tu te pleins on va te dire que l‚Äôuniversit√© virtuelle est ainsi alors que ce n‚Äôest pas le cas, si vous recruter un Dr qui ma√Ætrise pas expliquer lui simplement comment se passent les √©valuations √† l‚Äôuniversit√© virtuelle puisque c‚Äôest diff√©rent avec les √©cole classique, d‚Äôailleurs nous n‚Äôavons pas les m√™me mani√®re de prendre les cours, ensuite la connexion ne nous facilite pas la t√¢che il faut un minimum 25 Go par mois, enfin je reviens encore sur les devoirs les Dr doivent revoir car il nous complique la t√¢che, tu √©tudie et c‚Äôest comme si tu n‚Äô√©tudiais pas."
anonyme,"La mani√®re de dispenser les cours  La mani√®re de donn√©es les devoirs, souvent on compose et tu trouves et tu ne gagne pas tes points,et le fait de ne pas pouvoir revenir en arri√®re pour rev√©rifier ce qu'on a fait.  C'est √† dire le fait que les questions sont s√©quentielles.  Ya le cas des r√©clamations,le fait qu'on Soumet nos r√©clamations et √ßa ne donne pas."
anonyme,Ce que j'appr√©cie ces l'effort des professeurs pour la compr√©hension des cours.ils prennent leur temps pour expliquer sauf que si tu est discret ou paresseux. Mon probl√®me c'est au niveau de la plateforme forme.je suis parti en cession de rattrapage a cose de la connexion.ya eu des mati√®res que j'ai m√™me pas pu d√©coller et d'autres m√™me j'ai eu z√©ro.A un moment donn√© je n'avais plus l'espoir de continuer √† venir tellement que je gaspillais mon essence et mon √©nergie pour rien.donc si vous revoiy√© ce c√¥t√© sava beaucoup nous soulager ‚ò∫Ô∏è
anonyme,La fa√ßon d'enseigner et le faite que les cours se font en ligne. Le retard de la fili√®re g√©nie logiciels. Aussi nous n'avons pas eu droit au foner cette ann√©es fautes de bulletins et d'attestation d'inscription.
anonyme,J' apprecis les cours car chaque cours √† sont TD  Primo la connexion enfaite les 10 go par mois est tr√®s petit  Secondo le manque d'ordinateur ce certains ils ont fait le paiement mais pas encore le PC et lors des compositions ils ont pris une d√©cision strict pour dire si tu n' as pas PC tu compose pas
anonyme,"Le mod√®le de l'enseignement, la mise √† disposition des supports de cours et la disponibilit√© des enseignants. 1. Le probl√®me de la connexion lors des √©valuations: j'aurais aim√© que l'universit√© se dote d'un wifi ultra rapide pour les √©valuations. Cela va diminuer les tricheries li√©es √† l'usage manuel du t√©l√©phone pendant ces p√©riodes.  2. De plus, il faudrait que lors des √©valuations, il ne soit pas possible de r√©duire l'√©cran, cela permettra de r√©duire les accusations gratuite de recours √† l'intelligence artificielle dont j'ai √©t√© victime en droit des contrats."
anonyme,"La possibilit√© qu'elle nous offre de nous former en √† distance, la disponibilit√© des enseignants √† d√©tailler les cours et √† r√©pondre aux diff√©rentes questions  Des erreurs dans de correction lors des √©valuations, des questions ambigu√´s et difficiles √† r√©pondre parce que l'√©tudiant ne sait m√™me pas ce qu'on lui demande, l'absence de correction des TD pour s'am√©liorer"
anonyme,Rien  Ils nous privent du foner
anonyme,"Les cours se passent bien,le fait m√™me que nous suivons les cours en ligne est d√©j√† un avantage  Le probl√®me de connexion est toujours l√†,on a cherch√© les puces en vain malheureusement on a pas pu acqu√©rir,en plus il faut qu'ils revoient les devoirs surtout les devoirs que ya des saisies,Car la machine ne connais pas la synonymie, souvent aussi les articles,on peut √™tre du m√™me id√©e que l'enseignant mais malheureusement que la machine ne connais pas ce que nous avons mis √ßa d√©clare automatiquement 0, souvent le prof peut mettre un dans la machine,le fait qu'on met le, √ßa marque 0 il faut qu'ils revoient tout √áa sinon √ßa nous p√©nalise vraiment"
anonyme,"N√©ant  - L'indiff√©rence des responsables face aux difficult√©s que rencontre leurs √©tudiants. -La mani√®re d'√©valuer les √©tudiants. - le fait d'abandonner les √©tudes √† eux seuls , les rendant paresseux. - la baisse du niveau des √©tudiants......"
anonyme,L'enseignement  La connexion pour les √©tudiants.
anonyme,"La mani√®re dont le cours est donn√©, m√™me si on n'as pas p√ª suivre le cours avec le professeur on peut toujours soit l'enregistrer ou se contenter des cours en pdf L‚Äôune des principales difficult√©s rencontr√©es √† l‚ÄôUV-BF concerne la connexion internet. Les coupures fr√©quentes ou la faiblesse du r√©seau font perdre un temps pr√©cieux durant les compositions. Lorsque la connexion saute, il devient impossible de continuer √† composer, alors que les autres √©tudiants avancent normalement. Cette situation engendre du stress, un sentiment d‚Äôinjustice et cr√©e une in√©galit√© entre les candidats. Le plus frustrant reste le fait que, parfois, le temps imparti s‚Äôach√®ve alors qu‚Äôon n‚Äôa pas pu terminer ou m√™me soumettre son devoir, uniquement √† cause du r√©seau."
anonyme,L'explication des cours Tu peux pas suivre les cours et rat√© la moyenne  Bien c'est la partie la plus importante selon moi tenir compte des choix des √©tudiants. par exemple j'ai choisi droit priv√© mon nom est dans droit public le pire encore l√† bas ils ont pris la note multiplier par 00 comme note de TD sachant bien qu'on a compos√© les TD en droit priv√©. M√™me si l'administration ne va pas changer nos choix qu'il revoit la partie TD. Je sais tr√®s bien en droit priv√© j'ai valid√© avec la rectification de branche bien s√ªr. si la rectification est impossible qu'il laisse tomber les 00 notes des TD et nous allons nous d√©brouiller. Recommencez 12 mois dans une ann√©e valid√© vraiment c'est pas simple. merci beaucoup !!!
anonyme,"J'appr√©cie quand on d√©pose les cours assez t√¥t sur la plateforme  Nous rencontrons d'√©normes difficult√©s. On peut citer premi√®rement la mauvaise qualit√© de la connexion qui affecte n√©gativement la compr√©hension des cours, surtout si l'instabilit√© vient de chez l'enseignant. Deuxi√®mement il faut noter la non ma√Ætrise de la plateforme de cours par certains √©tudiants qui perturbe les cours, certains docteur ne ma√Ætrise pas √©galement l'outil informatique ce qui joue sur la compr√©hension au niveau des √©tudiants.En troisi√®me lieu le mode de composition des devoirs est √† revoir . Enfin tous les √©tudiants n'ont pas b√©n√©ficier de la puce de l'universit√©, donc nous avons des probl√®mes de m√©ga pour suivre les cours."
anonyme,La mani√®re de donner les formations  L'incapacit√© √† la plateforme de faire connect√© plusieurs √©tudiants √† la fois
anonyme,"Personnel rien  Une administration m√©diocre,des retard"
anonyme,Cours et devoirs en ligne  M√©gas insuffisants
anonyme,"Le cadre de la formation est impeccable  La ponctualit√© des docteurs, leurs d√©terminations, leur professionnalismes sont remarquables . L'universit√© virtuel est mon meilleur choix et je ne regrette pas cela. Le dynamisme et la solidarit√© entre √©tudiants est fantastique, on priorise l'int√©r√™t de tous et exception. Concernant les √©valuations des semestres, tout se d√©roule parfaitement bien ,pas de retard,pas d'impr√©vu de derni√®re minute et cela me semble noble. Davantage, l'informatique est un organe bien d√©terminant et important,favorisant tous un saveur √† bien la ma√Ætriser . L'universit√© virtuel est la meilleure formation et se distingue de certaines par ses comp√©tences et sa structuration. De cet fait l'on ne peut en n'au un cas parler d'avantage sans inconv√©nients. Certes, on raconte des probl√®mes assez d√©licat,qui entrave bien notre parcours. Le probl√®me de connexion ,qui emp√™che le bon d√©roulement des √©valuations sommatives,qui est souvent cause des √©checs de certains d'entre nous. Le fovoritisme des lieux des compositions aussi est un probl√®me  √† revoir. Les TD qu'on accomplie pas √† terme. Les notes finales qui souvent succite des r√©clamations o√π des explications, √† laquelle on a jamais acc√®s. √Ä part √ßa, tout m'est noble."
anonyme,"Nous appr√©cions √©norm√©ment l'engagement des responsables de l'universit√© virtuelle pour le succ√®s des √©tudiants.Nous appr√©cions √©galement pour leurs soutiens du c√¥t√© de la connexion internet au √©tudiants. Les principales difficult√©s o√π aspects n√©gatif que nous rencontrons √† l'universit√© virtuelle du Burkina Faso sont la non ma√Ætrise de la plateforme de formation par certains √©tudiants, les informations √† la derni√®re minute qui entra√Ænent souvent des m√©sentente entre √©tudiants et responsable des fili√®res, le rejet des dol√©ances des √©tudiants transmises par leurs d√©l√©gu√©s au responsable de l'universit√© virtuelle,la dur√©e de la d√©lib√©ration des r√©sultats et les pressions √† la derni√®re minute (les retard dans certaines fili√®res)entra√Ænent des mauvaises notes et mauvaises r√©sultats chaque ann√©e, les √©valuations inachev√©es gr√¢ce √† l'insuffisance des heures par exemple les devoirs de TD √† saisir et aller d√©poser sur la plateforme. La m√©chancet√© des surveillants lors des √©valuations ( les injures, les m√©sentente et le rejet des √©tudiants de la salle de composition, le mauvais √©tat de la connexion lors des √©valuations qui entra√Æne de mauvais notes au √©tudiants."
anonyme,"Le syst√®me d'enseignement  Probl√®me de connexion, les m√©ga distribu√© sont bons mais insuffisant et on a la chert√© des m√©ga pour compl√©ter les afin de pouvoir suivre les cours."
anonyme,Moi j'appr√©cie beaucoup l'UVBF.  √Ä propos de leurs mani√®res de nous dispenser les cours. C'est bien d√©taill√©e et aussi avec une bonne  explication. Les Docteurs sont bien d√©termin√©s et sa me pla√Æt beaucoup. Parce qu'au d√©but les gens nous disent autrement mais h√©las c'est pas le cas Premi√®rement Notre abonnement des 10gigas de connexion ya d'autres qui re√ßoivent plus de sa souvent 20 30 40. Pourtant nous sommes tous les m√™mes Ensuite les devoirs TD bon souvent si gagne qu'on corrige pour nous en soulignant nos erreurs sa va beaucoup nous aider que de prendre les notes comme √ßa  En plus les bulletins si on nous envoie dans nos Mail et on va t√©l√©charger aller tir√© aussi c'est bon. Si non aller tous r√©cup√©rer c'est un peu complexe parce que c'est nous tous qui sommes √† Ouaga  Pour terminer l'administration doit prendre en compte nous qui sommes des d√©plac√©s et nous aider dans certaines conditions Merci bien
anonyme,La disponibilit√© des cours √† tous moments et √† tous temps  Les soucis avec la connexion sur la plateforme lors des devoirs on arrive pas √† traiter normalement par d√©faut de connexion stable et m√™me  souvent on arrive pas √† rendre les devoirs √† temps et cela est p√©nalisant
anonyme,"A l'universit√© virtuelle, j'appr√©cie √©norm√©ment beaucoup de choses. D'abord, la fomes des cours, c'est √† dire le distanciel ( en ligne). Cela est tr√®s adapt√©e √† tous types d'√©tudiants d'autant plus que chacun √† le choix de composer dans sa r√©gion de pr√©f√©rence tout en r√©duisant le co√ªt financier √† supporter. Aussi √† l'universit√© virtuelle, la formation est √† la fois th√©orique et pratique car chaque mati√®re fait l'objet de rendue th√©orique et de travaux pratiques ( tutorats). A cela, il faut le fait que les enseignants et les √©tudiants sont proches avec la facilit√© qui est offerte aux √©tudiants d'avoir des explications √† tous moment avec les titulaires des cours et  les tuteurs sur la plateforme. En plus, l'universit√© virtuelle est unique par la possibilit√© offerte aux √©tudiants de traiter les exercices, de les d√©poser dans les casiers et d'avoir un retour apr√®s correction. Ce qui n'existe pas possible dans les autres universit√©s. Pour finir,  l'universit√© virtuelle √† sus √©viter les retards acad√©mique,  toutes choses qui est fort appr√©ciable. Je constate une seule difficult√©. Le fait de rassembler les d√©boires de la session normale pour composer sur une p√©riode de plus de 10 jours. J'aurais souhait√© que l'on compose √† chaque mois apr√®s avoir √©puis√© deux o√π trois mati√®res. Ainsi, la session de rattrapage on peut toujours composer au format actuel. Cordialement."
anonyme,"la composition des devoirs est bien organis√©e  Merci bien pour cette question, pour ma part les dol√©ances seraient ils que : 1 l'insuffisance du forfait internet, j'aurais souhait√© que cela passe de 10GB √† 20GB  2 le retard Par exemple cette ann√©e nous n'avons pas eu les vacances du aux effets du retard"
anonyme,"La formation m√™me √† distance, la disposition des √©tudiants aux ressources n√©cessaires li√©es aux diff√©rents cours L'instabilit√© de la connexion,  les √©tudiants ne disposent pas d'une connexion Internet suffisante, la non ma√Ætrise de l'outil informatique par bon nombres d'√©tudiants"
anonyme,"Je ne sait vraiment pas Les programmes charg√©s, retard academic, manque d'organisation dans l'administration, Les resultats avec des eurreurs non corriger et baclet. Accused communication entre responsable de filieres et administration surtout celui de genie logiciel. Calendrier des devoir a revoir difficile de composer 03 modules par jour durant 2 semaines. Programmer les devoirs a 5 jours avant. Continuer les cours pendant les sessions de rattrapage. Faire des cours avec des proffesseur qui coupe les micro et vid√©o juste pour eviter nos plaintes. Manque de communications avec Notre charg√© de filieres (genie logiciel), composer apr√®s 1ann√©e et avoir les resultats 9mois apr√®s en plus avec des erreurs inexplicable. Conclude l'annee avec absence des pv finaux. Le foner difficile obtention avec ses erreurs. Des reclamation non prise en compte et j'en passe. .. Le genie logiciel est une filieres qui me passionanais mais helas üòîüò©"
anonyme,La qualit√© de l'enseignement  L'instabilit√© de la connexion parfois.
anonyme,Oui  Selon moi c'est la correction souvent la question peut constituer deux ou trois r√©ponses tu trouves une ou deux et y'a pas Demi point pour toi c'est moins bon cela. En plus les m√©gas ne suffisent pas pour les cours.
anonyme,"Merci aux premiers responsables de l'UV-BF.Aux enseignants pour la qualit√©s des cours dispens√©s.En tant qu'un √©tudiant particulier c'est tr√®s b√©n√©fique. L'≈ìuvre humaine n'est pas totalement parfaite en plus avec la technologie les difficult√©s n'en manquent.Notament le retard de certaines mati√®res dispens√©es,les horaires des  tutorats connaissent des modifications de derni√®res minutes,√©galement l'usage de certaines applications permettent pas de suivre avec s√©r√©nit√© les cours.Pour finir le wifi n'√©tant accessible √† tous,si le volume des m√©gas octroy√©s pouvaient avoir une hausse cela nous permettraient d'augmenter nos recherches.Je vous voudrais terminer par ces mots vous remerciez une fois."
anonyme,J'appr√©cie cette mani√®re √† eux de dispenser les cours qui se font uniquement en ligne et aussi la disponibilit√© des enseignants et leurs amples renseignements et interactions sur les pr√©occupations des apprenants que nous sommes. Les diff√©rentes difficult√©s sont entre autres les probl√®mes r√©currents de connexion et la long dur√© pour la mise √† disposition de nos r√©sultats apr√®s les √©valuations .
anonyme,-Les cours et les devoirs en ligne constituent un soulagement pour les √©tudiants. - √áa permet aux √©tudiants de vaquer √† d'autres occupations. -L'octroie de la connexion  - La remise des notes automatiquement -La subvention des ordinateurs √† 80%  -La plateforme de cours ne fonctionne pas bien et la plupart des cours est fait sur Zoom -La mauvaise programmation des cours car les cours sont programm√©es du matin au soir.Les salari√©s n'ont pas le temps pour suivre ce rythme. -Insuffisance de la connexion car les m√©gas(10Go) ne nous permettent de suivre les du matin au soir sur Zoom  tout le mois. - Trop de pression lors de la composition des devoirs ( matin soir) sans espace. - Mauvais fonctionnement de la plateforme lors de la composition des devoirs. -Le temps des devoirs ( tr√®s court par exemple 45mns)ne nous permet pas de r√©fl√©chir. - Mauvaise programmation des r√©sultats des devoirs. - La non prise en compte des r√©clamations des devoirs par les professeurs  - Retard de d√©lib√©ration des r√©sultats ( par exemple en math√©matiques on a compos√© notre S1 en mai mais on a eu les r√©sultats provisoires en fin Ao√ªt. - Retard des ordinateurs et de puces de connexion pour les nouveaux √©tudiants. - Manque de d√©centralisation des services administratifs acad√©miques dans les autres r√©gions.Tout est concentr√© √† Ouagadougou or c'est une universit√© virtuelle.
anonyme,"J'appr√©cie vraiment la subvention des puces de connexion, en plus les cours sont bien dispens√©s par les enseignants. Dans ce cas nous pouvons souligner le cas de la correction des √©valuations, nous voulons vraiment suivre les corrections pour mieux comprendre comment les choses se font."
anonyme,La possibilit√© et la flexibilit√© de suivre les cours partout au Burkina L'information sur la programmation des cours pourrait √™tre am√©lior√© par l'envoi d'un mail par exemple. Certains cours et exercices sur la plateforme ne sont pas actualis√©s au niveau des dates.
anonyme,"Le d√©vouement, l'engagement et la disponibilit√© des Enseignants ainsi que le corps Administratif qui nous fourni une formation de qualit√© et en continue sans retard. Nous avons √©galement l'accessibilit√© √† la bonne information ainsi que la prise en compte et le traitement rapide des diff√©rents difficult√© que rencontrent les √©tudiants. Nous pouvons aussi noter une am√©lioration constante de certains aspects. L'information pour la programmation de TP o√π des devoirs viennent souvent √† la veille o√π m√™me tard la nuit de la veille."
anonyme,"J'appr√©cie le non virtuel qui nous permet de rester √† la maison bosser et en l'octroie de 10 gigas de connexion par moi pour suivre les cours, la subvention des ordinateurs. Les devoirs donc la correction est automatique dans dans la plupart des facult√©s.  On rencontre beaucoup de difficult√© lorsqu'on a affaire √† l'administration.  Les probl√®me des notes Probl√®me de d√©lib√©ration sur les facult√©s dont les devoirs son faits sur papier  Le retard dans certains fili√®re comme ceux de g√©nie logiciel p23 qui n'ont toujours pas leur r√©sultat de L1. Le manque de moyens pour prendre de ordinateur performant pour la fili√®re de g√©nie logiciel, les fonds d√©courager √† suivre certains cours car les ordinateurs qu'il ont en possession ne les permet pas d'installer les outils essentielles pour les TP.  Les non respect du programme par certains modules."
anonyme,"J'appr√©cie le non virtuel qui nous permet de rester √† la maison bosser et en l'octroie de 10 gigas de connexion par moi pour suivre les cours, la subvention des ordinateurs. Les devoirs donc la correction est automatique dans la plupart des facult√©s.  On rencontre beaucoup de difficult√© lorsqu'on a affaire √† l'administration.  Les probl√®me des notes Probl√®me de d√©lib√©ration sur les facult√©s dont les devoirs son faits sur papier  Le retard dans certains fili√®re comme ceux de g√©nie logiciel p23 qui n'ont toujours pas leur r√©sultat de L1. Le manque de moyens pour prendre de ordinateur performant pour la fili√®re de g√©nie logiciel, les fonds d√©courager √† suivre certains cours car les ordinateurs qu'il ont en possession ne les permet pas d'installer les outils essentielles pour les TP.  Les non respect du programme par certains modules."
anonyme,"Des enseignants qualifi√©s  Le retard dans les diff√©rentes sessions. Pendant que les autres universit√©s s'appr√™tent pour la nouvelle ann√©e, √† l'universit√© virtuelle les sessions de rattrapage ne sont pas finis."
anonyme,L'octroi des puces de connexion  L'explication des cours par le professeur
anonyme,"J'appr√©cie le fait de pouvoir suivre les cours √† distance.  Mon probl√®me se pose au niveau des TD, je n'arrive pas √† faire la diff√©rence entre les  cours magistraux et les TD . √Ä ma connaissance je pense que les TD √©taient des s√©ances des exercices. Jusqu'√† pr√©sent tr√®s des √©tudiants en L2 de Droit arrivent √† faire une bonne introduction de dissertation,cas pratique......"
anonyme,"La formation en qualit√© .merci pour √ßa  Un peu de retard ü§ß,les cours commencent en retard et finissent en retard, pourtant √ßa devrait commencer en octobre et finir au plus tard le 31 juillet c'est possible mais les cours commencent aux environs de janvier revoyez √ßa .Il ya aussi la question de la plateforme de cours qui d√©conne souvent beaucoup.Et les ordinateurs et les puces de connexion qui viennent en retard pour les gens en premi√®re ann√©e.merci de prendre note et am√©liorer les imperfections üôè"
anonyme,"Ces la qualit√© d'informatique  L'acc√®s √† la plateforme, les difficult√©s de connexion lors des cours, devoirs"
anonyme,Les cours se passent dans les bonnes conditions avec les docteurs et les tuteurs aussi car nos docteurs sont tr√®s motiv√©s √† faire les cours avec nous. La difficult√© est la mani√®re de faire les devoirs Car avec la machine il difficile de de faire un devoir √† travers ta compr√©hension  et l'expression .car la machine enregistr√©  les  r√©ponses automatiquement
anonyme,"L'UV est la solution future de l'enseignement sup√©rieur burkinab√© . C'est une belle initiative que j'adh√®re totalement ca fait pour moi une fiert√© d'apppartenance √† cette institution de demain L‚ÄôUniversit√© Virtuelle du Burkina (UV) gagnerait en efficacit√© dans la formation de ses √©tudiants si certaines am√©liorations √©taient apport√©es.  D‚Äôabord, l‚Äôenregistrement automatique des s√©ances de cours, avec possibilit√© de visionnage ult√©rieur pendant une dur√©e d√©finie, permettrait aux √©tudiants de mieux suivre et r√©viser les enseignements. Cela constituerait un v√©ritable atout, diff√©renciant l‚ÄôUV des √©tablissements classiques et marquant une avanc√©e notable dans la modernisation de l‚Äôenseignement sup√©rieur burkinab√®.  Par ailleurs, l‚Äôabsence d‚Äôune biblioth√®que virtuelle centralis√©e constitue un frein √† l‚Äôapprentissage. Actuellement, chaque enseignant fournit ses propres documents, souvent difficiles d‚Äôacc√®s pour certains √©tudiants. M√™me si de nombreuses ressources sont disponibles en ligne, une biblioth√®que num√©rique propre √† l‚ÄôUV, structur√©e par mati√®re et valid√©e par les enseignants, permettrait un acc√®s cibl√© et fiable au savoir, am√©liorant ainsi les performances¬†acad√©miques. En r√©solvant ces deux points ‚Äî la disponibilit√© des cours enregistr√©s et la mise en place d‚Äôune biblioth√®que virtuelle ‚Äî l‚ÄôUniversit√© Virtuelle du Burkina pourrait significativement rehausser la qualit√© et l‚Äôimpact de ses formations."
anonyme,Flexibilit√© du programme  Mod√®le de composition qui n‚Äôest pas conforme enti√®rement √† la formation √† distance
anonyme,"La mani√©re de dispenser les cours  Les modules de grand coefficient sont souvent pas compris par les √©tudiants, si on pouvait mettre l'accent sur ces modules pour plus de compr√©hension. Nos r√©clamation sont souvent ignorer"
anonyme,"L'initiation des puces de connexion , la disponibilit√© des enseignants  La fluidit√© de la connexion lors des compositions sur table , et aussi quelques regles tr√®s stricte dans la correction des √©valuations ,la plateforme est sans marge de tol√©rance . √âgalement on a le probl√®me des la qualit√© des ordinateurs dans la rubrique un √©tudiant un ordinateur"
anonyme,La qualit√© de l'enseignement  Probl√®me d'ordinateur et de connexion
anonyme,Oui Les 10go  sont  tr√®s  faibles  pour  suivre les cours
anonyme,Les cours √† distance  C'est l'inefficacit√© de la connexion l'or des √©valuations
anonyme,Oui Le temps seulement
anonyme,"Disponibilit√© des supports de cours, enseignement √† distance et le regroupement des √©valuations sur une p√©riode donn√©e  Refus de certains enseignants de prendre en compte les r√©clamations des √©tudiants, certaines questions sont mal formul√©es, souvent les r√©ponses sont justes mais la correction √©lectronique attribue une de 00."
anonyme,Ce que j'appr√©cie beaucoup est qu'on peut prendre les cours √† distance ce qui est un atout pour les √©tudiants  Lors des compositions le r√©seau n' est souvent bon ce qui rend difficile de finir dans le temps imparti.
anonyme,"A l'universit√© virtuelle tout est disponible on facilite les √©tudes a travers les ordinateurs, la puce de connexion et les cours sont bien expliquer et plus d√©taill√©e.  Les difficult√© sont les retards de m√©gas, la connexion qui l√¢che pendant les compositions et souvent les probl√®me de l'acc√®s √† la plateforme"
anonyme,Bonsoir ! Vraiment j'appr√©cie l'universit√©. Elle a une bonne qualit√© de formation. Et merci √† toutes les membres ainsi que les docteurs pour ce qu'ils font pour nous. La seule difficult√© que je peux soulign√© √† son niveau. C'est les ordinateurs. On n'a pas re√ßu de bonne marque
anonyme,Le que j'arrive √† apprendre √† mon rythme. -Le retard au niveau de la livraison des ordinateurs.
anonyme,"Ce que j‚Äôappr√©cie le plus, c‚Äôest la flexibilit√© offerte par l‚Äôuniversit√© virtuelle. Les cours enregistr√©s (lorsqu‚Äôils sont disponibles) permettent de travailler √† son rythme, les auto-√©valuations aident √† v√©rifier sa compr√©hension, et ce mode d‚Äôapprentissage favorise une meilleure organisation personnelle. Les principales difficult√©s concernent surtout la mauvaise connexion internet, qui rend le d√©roulement des compositions compliqu√©. Le partage de connexion avec l‚Äôordinateur est difficile, alors que l‚Äôutilisation des t√©l√©phones √©tait interdite et que leur autorisation est venue tardivement. Par ailleurs, certains enseignants n‚Äôenregistrent pas leurs cours, ce qui limite la possibilit√© de r√©vision, et certains tuteurs ne ma√Ætrisent pas bien des outils comme le tableau blanc de Microsoft, pourtant tr√®s utile pour la compr√©hension des TD."
anonyme,"Le fait de pouvoir √©tudier partout sans forc√©ment √™tre sur place est un vrai avantage. J‚Äôappr√©cie surtout la possibilit√© de suivre les cours en ligne √† mon rythme.    Les difficult√©s que je rencontre sont li√©es principalement √† la connexion internet instable et aux bugs fr√©quents de la plateforme, surtout pendant les devoirs. Ces probl√®mes techniques rendent parfois difficile le suivi des cours et l‚Äô√©valuation. Un meilleur appui technique ou une optimisation de la plateforme serait d‚Äôune grande aide."
anonyme,Rien  Probl√®me de connexion Lors des √©valuations. Retard des r√©sultats
anonyme,J'appr√©cie l'apprentissage en ligne  J'appr√©cie vraiment pas leurs r√©partition pour les devoirs. par exemple les √©tudiants de Ouagadougou doivent composer au SIAO pourtant la plupart des √©tudiants sont loin et n'ont pas de moyens de d√©placement. Pourquoi ne pas multiplier les lieux de composition.? Sinon sans √ßa on souffre beaucoup
anonyme,La qualit√© de l'enseignement  Moi c'est par rapport aux ordinateurs l√† jusqu'√† pr√©sent il y'a des √©tudiants qui n'ont toujours pas re√ßu leur ordinateur ??  Il faut qu'il revoit √ßa sai fera plaisir entouka ??
anonyme,"l'enseignement  La correction des devoirs , probl√®me de connection ,manque de cartes sim"
anonyme,L'apprentissage √† temp√©rament et la non contrainte. Les questionnaires de certaines UE qui sont difficiles √† comprendre.
anonyme,"La flexibilit√© et la qualit√© du processus d'apprentissage. *Les probl√®mes li√©s √† la dotation des ordinateurs : certains √©tudiants qui ont souscrit au programme un √©tudiant, un ordinateur depuis deux (02) n'ont toujours pas re√ßu leurs machines.  *Difficult√©s li√©es √† la connexion, les erreurs ( technique ou de conception) de certains devoirs qui p√©nalisent les √©tudiants .  *Le m√©pris des surveillants vis √† vis des √©tudiants."
anonyme,√Ä l'universit√© virtuelle du Burkina nous constatons qu'il n'y pas de retard et les cours sont bien dispens√© par les diff√©rents docteur. Il y a l'insuffisance des mat√©riels de connexion tels que les machines et les puces de connexion
anonyme,L'apprentissage en ligne L'inaccessibilit√© de puce de connexion √† tout les √©tudiants
anonyme,"La fili√®re que je fais a savoir la g√©omatique  Le fait qu'on n'a pas de lieux fixe a Bobo Dioulasso,ce qui fait les parents n'ont pas confiance"
anonyme,"Le programme de l'universit√© est structur√© et bien organis√©, ce qui nous permet de suivre les cours √† notre propre rythme. Cela facilite grandement notre apprentissage et nous aide √† atteindre nos objectifs acad√©miques. Les enseignants, dot√©s d'une grande patience p√©dagogique, excellent dans leurs explications et offrent un enseignement de qualit√©. De plus, nous avons la possibilit√© de mener des recherches approfondies, ce qui est tr√®s enrichissant. Bien que l'enseignement soit de qualit√© et que les cours se d√©roulent bien, des probl√®mes techniques ont entrav√© le bon d√©roulement des examens. Lors de la composition du premier semestre, la plateforme a rencontr√© des difficult√©s techniques, emp√™chant certains √©tudiants, dont moi-m√™me, de composer dans les d√©lais impartis. Cela a eu des cons√©quences n√©gatives, notamment en me conduisant √† passer les examens en session de rattrapage et en suscitant des incompr√©hensions familiales. Il est donc imp√©ratif d'am√©liorer la capacit√© de la plateforme √† g√©rer un grand nombre d'√©tudiants simultan√©ment pour √©viter que de tels probl√®mes ne se reproduisent √† l'avenir."
anonyme,Oui l'enseignement  Pendant les Compo trop de m√©chancet√© d√®s surveillent envers les √©tudiants un peu de d√©sordre et l'incompr√©hension
anonyme,"Le fait d'avoir acc√®s aux differents modules sur la plateforme √† tout moment et la possibilit√© √©galement de visionner les capsules d√©pos√©s apr√®s les s√©quences synchrones. Comme difficult√©s je peux d'abord citer la non ma√Ætrise de la plateforme par certains professeurs et cela se r√©percute sur la qualit√© du cours, l'accessibilit√© au s√©quences synchrones, ensuite l'organisation des √©valuations( avec l'effectif pl√©thoriques par salle, la connexion se grippe, ce qui handicape l'√©tudiant) et enfin le report des notes et le  calcule des moyennes, je n'arrive pas √† comprendre comment les notes peuvent se m√©langer lors de l'extraction des donn√©es (cela occasionne beaucoup de d√©sagr√©ment, moindre inattention, l'√©tudiant peux se retrouver ajourn√©)."
anonyme,"J'appr√©cie beaucoup l'Universit√© Virtuelle du Burkina. Gr√¢ce √† ses formations innovantes, accessibles et adapt√©es aux r√©alit√©s actuelles, elle offre √† chaque √©tudiant la possibilit√© de se former avec qualit√©, flexibilit√© et ambition. Une universit√© moderne au service du d√©veloppement du pays. Parmi les principales difficult√©s rencontr√©es √† l‚ÄôUV-BF, je peux citer : les interruptions fr√©quentes de la plateforme, les retards dans la publication des r√©sultats, ainsi que la connexion qui n'est pas souvent fiable."
anonyme,"1- La ma√Ætrise de l'ordinateur,  2- Un apprenant autonome,  3- La possibilit√© de changer de localit√© en cas d'affectation ou autre....  4- La correction de devoirs dans un bref d√©lai 1-L'insuffisance des m√©gas 2-Probl√®me de r√©clamation en cas d'erreur 3-Une bonne r√©ponse est parfois not√© z√©ro ( 00)  4-Moindre erreur est not√© 00"
anonyme,"Les 10giga  On a des difficult√© √† composer les devoirs,.il faut am√©liorer la plateforme"
anonyme,La dispensation des cours est formidable  La non accessibilit√© des puces de connexion
anonyme,Les cours en ligne m√™me les professionnels peuvent toujours continuer leurs √©tudes  Probl√®me de connexion defois .la non possibilit√© de composer chez soit
anonyme,La discipline impos√© Le manque de consid√©ration de certains surveillants envers les √©tudiants lors des composition sur table. Le non respect du calendrier des ordinateurs.
anonyme,La mani√®re de Dispenser les cours et les items des √©valuation  La connexion pas trop fiable
anonyme,"Les cours en ligne       Le responsable des surveillants n'a pas un sang froid,une fois il a trait√© les √©tudiants en L1 des animaux      Si on peut revoir la composition en pr√©sentiel c'est mieux pour nous les travailleurs,bon nombre de personnes n'ont pas compos√© parce qu'ils n'ont pas eu la permission.cour en ligne,devoir en ligne sans pr√©sence."
anonyme,"Les cours et devoirs Ils disent y'a garantie(12 mois)pour les ordinateurs mais c'est le contraire,,moi mon ordinateur est √©teint compl√®tement et j'ai voulu poursuivre la garantie mais ils me disent que c'est pas possible,,"
anonyme,J'appr√©cie beaucoup leur enseignement  et leur formation . Au moment des √©valuations nous avons des difficult√©s pour acc√©der √† la plateforme et √ßa joue beaucoup sur nos notes .
anonyme,L'enseignement est compr√©hensif. Veiller √† ce que tout les √©tudiants de l'universit√© virtuel poss√®dent un ordinateur et les cartes SIM. Car sans ces objets l'√©tudiant de l'universit√© virtuel peut pas √©tudi√©. Moi par exemple je n'ai pas encore re√ßu mon ordinateur et j'ai pas de carte SIM aussi.
anonyme,"La disponibilit√© des cours en pdf sur la plateforme,les puces de connexion,la subvention de l'ordinateur. La programmation des corrections nous fait perdre des points."
anonyme,La disponibilit√© des cours  L'inefficacit√© du Platforms lors des devoirs ainsi que la distribution des puces
anonyme,"Oui Les enseignants ne ma√Ætrisent pas bien l'outil informatique et compliquent la t√¢che lors des compositions, trop d'erreurs"
anonyme,L'enseignement donn√© est de qualit√© vu la pertinence des prestations de nos Enseignants. La principale difficult√© c'est la connection et la d√©faillance de certaines machines comme le Haitech.
anonyme,"La dispensation des cours, l'organisation des cours en donnant des exercices et des devoirs en ligne, les devoirs sur table, la qualit√©s de professeurs, l'aide au profit des √©tudes en mati√®re d'ordinateur,de puces,etc... Les proc√©dures de gains des puces de connections"
anonyme,Rien  Il y a plusieurs si√®ge a ouaga aucun administration dans les autres villes les transports cause probl√®me
anonyme,Vous n‚Äôest inpeu libre parfois  La composition des devoirs √† ce niveau on rencontre parfois des difficult√©s
anonyme,"l'UV -BF est bien organis√©e,les m√©thodes d'enseignement utilis√©es par les enseignants chercheurs sont tr√®s flexibles. Rien √† signaler."
anonyme,Leur mani√®re d'enseigner sa amene vraiment l'√©tudiant √† r√©fl√©chir . L'assistance technique au √©tudiant est faible
anonyme,L'initiative est bonne mais beaucoup de d√©fis a relever  L'acc√®s √† la connexion est trop d√©fectueux
anonyme,"L'accompagnement irr√©prochable du personnel envers les √©tudiants et √©tudiantes  C'est les difficult√©s li√©es aux distribution des ordinateurs, souvent la rupture pr√©matur√© des gigas voir m√™me de la puce"
anonyme,Les autres aspects sont plut√¥t bien ‚ò∫Ô∏è L'aspect n√©gatif selon moi c'est le c√¥t√© technique de la plateforme durant la composition les devoirs.  Et aussi le fait que pendant les devoirs TD une fois l'heure d√©pass√©e pendant quelques minutes on peut plus d√©poser.  Si on pouvait laisser la plateforme ouvert pour qu'on puisse toujours d√©poser le devoir malgr√© les devoirs. M√™me si on va nous sanctionn√© un peu pour le retard.  On ne nous donne pas les corrections des TD pour qu'on voit nos erreurs. Et aussi le fait que certains comme moi qui n'avons pas de note en TD alors que on a compos√©. Et aussi si on pouvait avoir les r√©sultats d'une session avant que la seconde session normal ne d√©bute. √áa peut √™tre utile √† l'√©tudiant de savoir quel moyen il a eu et de redoubler d'efforts √† la seconde session.
anonyme,N Les r√©clamations sur les moyens en S3 on est toujours sans nouvelle. Et aucune r√©ponse √† nos diff√©rents mails
anonyme,"La flexibilit√© de l'enseignement. C'est sans pression. Que U sois fonctionnaire , entrepreneur... Tu apprend sans pression Probl√®me de connexion La correction des devoirs (on est oblig√© d'√©crire textuellement  l'√©l√©ment de r√©ponse comme il est dans la correction)"
anonyme,La mani√®re dont les prof se fou des √©tudiants  Pas de s√©rieux au sein de certains prof‚Ä¶ on dirait qu‚Äôils s‚Äôen fichent compl√®tement de la p√©dagogie
anonyme,Le faites que tout le monde peut parler avec les professeurs  Le probl√®me de la connexion lors des devoirs
anonyme,"Les cours en ligne  Connexion insuffisant, pas de programme fixe dans le semaine comme en Geomatique"
anonyme,"Certains professeurs sont tr√®s r√©ceptifs et tr√®s ouverts d'autres ne se soucie m√™me pas de si vous comprenez le cours ou pas s'ils ont une seule personne qui comprend c'est bon pour eux  Les cours sont tr√®s intenses c'est un peu compliqu√© pour les travailleurs de suivre le rythme ! On nous donne pas vraiment le temps de r√©viser avant de rentrer dans les examens! Ou bien on fait des devoirs au fur et a mesure o√π apr√®s avoir fini le semestre qu'on donne au moins deux semaines pour r√©viser chose qui ne se fait pas !! M√™me si tu super √©tudiant comment c'est difficile de r√©viser 14 modules en moins d'une semaine pour un examen !!  Les √©tudiants n'ont pas les notes qu'il m√©rite, tu fais ton devoir tu trouve la r√©ponse malheureusement pour toi la machine n'a pas √©t√© programm√©e pour reconna√Ætre ta r√©ponse et finalement tu as 0!! Utilisez des logiciels adapt√©s pour la composition des modules scientifiques !!"
anonyme,Enseignement flexible. Note imm√©diatement disponible apr√®s chaque √©valuation La dur√©e de la p√©riode des √©valuations qui n'est pas du tout favorable aux fonctionnaires
anonyme,La mani√®re de l'enseignement  Le l√©ger retard lors des compositions sur table et le choix √©galement des surveillants pour les devoirs
anonyme,La mani√®re de dispenser les cours  La plateforme est souvent inaccessible et la connexion
anonyme,"La disponibilit√© et rigueur des professeurs. La disponibilit√© rapide des notes pour ce qui concerne les √©valuations sommative. L'accessibilit√© des professeurs et leurs promptitude √† r√©pondre √† toutes les inqui√©tudes des √©tudiants. Des chefs de d√©partement courtois et attentifs au besoin des √©tudiants. La m√©thode participative des cours  Les cours pour la deuxi√®me ann√©e commence en retard (d√©cembre ou janvier) Ne plus attendre de commencer avec la premi√®re ann√©e, d√©buter √† m√™me temps en octobre. Pour l'allocation en forfait internet si possible multiplier les r√©seaux."
anonyme,Les cours en ligne  √Ä mon niveau tout est normal seulement que je n'ai toujours pas re√ßu mon ordinateur
anonyme,C est  le temps disponible tous en bossant  C est souvent la lanteur de la connexion
anonyme,"Les cours en ligne. Les gens ne sont pas trait√©s de la m√™me mani√®re.ya des gens qui composent les devoirs √† la maison sans √™tre enregistr√© sur la liste de pr√©sence mais √† la fin, ils valident.cela ne pas normale.si tu restes √† la maison pour composer un devoir normalement c'est z√©ro."
anonyme,"Pour le syst√®me de cette universit√© virtuelle n'est -ils toujours pas fiable ?  La satisfaction de la connexion n'est pas fiable, la non remise des ordinateurs pour eux qui souscrit depuis depuis Novembre est tr√®s d√©courageant , le non re√ßu des puces pour ceux qui n'ont pas eux ont conduit aussi a un abandon de certains √©tudiant ,"
anonyme,Son enseignement  Probleme avec les surveillants et les probl√®mes de connexion
anonyme,"Les cours en ligne  Les √©valuations en ligne ont des aspects tr√®s n√©gatifs, je cite la programmation des r√©sultats avec les virgules, les √©tudiants qui rendent en salle de composition sans calculatrice qui des 17, 18, 19 et 20 sont trop; souvent on est en avis de leur poser des questions comment tu as fait pour tomber sur les bonnes r√©ponses ?"
anonyme,La mani√®re d'enseigner  La connexion et l'inaccessibilit√© de la plateforme lors des √©valuations
anonyme,"La formation en ligne  Les modes d √©valuations ne permet pas d avoir des bons r√©sultats, j ai eu la chance de faire l universit√© de Koudougou avant mon admission a un concours, nous faisons le cour la semaine suivante on fait le TD et le devoir en m√™me temps, chaque semaine on avait au moins un devoir. Si on proc√©dait de la sorte je pense que cava aller . Parmis √©tudiant y a des FDS si on pouvait les permettrent de composer exceptionnellement √©tant en mission cava les aid√©s"
anonyme,"Les cours √† distance  Difficult√©s d'acc√®s, √† la plateforme,  Les difficult√©s li√©es aux compositions des devoirs: mauvaises impl√©mentations de certains devoirs, pas de retour aux questions pr√©c√©dentes, mauvaise impl√©mentations des corrections (les erreurs insignifiantes te conduisent √† une note de z√©ro par exemple, pour une simple virgule ou saut d'espace tu as z√©ro) Probl√®me li√©s √† la connexion Internet"
anonyme,Je suis √† l'aise dans cette universit√© c'est vrai que c'est la seule universit√© que j' ai fr√©quent√© mais je suis persuad√© que c'est la meilleure de toute les universit√©s du Burkina Faso. Ces 10 m√©ga par mois me permettent de suivre tous les cours sans difficult√©. Je suis tr√®s tr√®s content de l'administration de cette universit√©.  Les difficult√©s que je rencontre c'est pendant les devoirs. Je ne suis pas √† l'aise pendant les devoirs √† cause de la connexion.
anonyme,"A ce niveau,Ah l' UV-BF permet √† l'√©tudiant de l'entreprendre. Elle permet aussi √† L'√âTUDIANT de suivre ses cours dans les bonnes conditions. Les modules sont √† t√©l√©charger donc moins de d√©penses. J'appr√©cie beaucoup certains docteur, ils donnent une formation de qualit√©s.  Le precipale probl√®me c'est lors de la composition (probl√®me de connexion, surveillant et certains devoir n'ont pas de cage a coch√©) Et aussi souvent les cours et les TD sont fix√©s √† la m√™me heure ce qui reste un impact n√©gatif √† notre √©gard. Il faut permettre √† des gens qui ont perdu leur machine de composer celui ce n'est pas facile aux √©tudiants de payer autre machine. Il faut prendre une d√©cision ferme pour les √©tudiants qui vont perturber les cours en L2 puisque qu'ils ont compris eh √ßa perturbe le cours."
anonyme,"On est fier d'appartenir √† cette universit√© : le professeur dispense le cours, fait tutorat, forum ouvert  avant les √©valuations , c'est salutaire . Le don des m√©gas .  Certains professeurs patriotes font un travail formidable  lors des visio- conf√©rences.  Beaucoup d'√©tudiants souffrent du mauvais √©tat de la plateforme lors des compositions ,  Certains Professeurs jouent avec la carri√®re des √âtudiants c'est √† dire pourquoi √©valuer en TD en session de rattrapage qui n'√©tait pas pr√©vu et pourtant d'autres √âtudiants tennaient  des ordinateurs sans Word. Merci pour la compr√©hension. Enfin, le manque de solidarit√© entre les √âtudiants, √âtudiant - d√©l√©gu√© ."
anonyme,"On est fier d'appartenir √† cette universit√© : le professeur dispense le cours, fait tutorat, forum ouvert  avant les √©valuations , c'est salutaire . Le don des m√©gas .  Certains professeurs patriotes font un travail formidable  lors des visio- conf√©rences.  Beaucoup d'√©tudiants souffrent du mauvais √©tat de la plateforme lors des compositions ,  Certains Professeurs jouent avec la carri√®re des √âtudiants c'est √† dire pourquoi √©valuer en TD en session de rattrapage qui n'√©tait pas pr√©vu et pourtant d'autres √âtudiants tennaient  des ordinateurs sans Word. Merci pour la compr√©hension. Enfin, le manque de solidarit√© entre les √âtudiants, √âtudiant - d√©l√©gu√© ."
anonyme,"Selon la connexion je peut dir que c'est une  bonne  solution qu'il nous a faciliter la t√¢che ,en plus la pr√©sence des TD nous permet d'am√©liorer notre connaissance et poser des questions au tuteurs en cas de difficult√© rencontr√©  lors de notre cours . Bien vrai que l' UV- BF nous permet de progresser avec leur outils informatiques mais s'il pouvais am√©lior√© la quantit√© de leurs outils pour nous permettent de bien composer nos devoirs ,et en plus la connexion nous suffisent  pas ,nous sollicitons s'il pouvais ajouter la connexion ."
anonyme,"√Ä l'UV-BF , j'appr√©cie beaucoup la qualit√© de l'enseignement ! Franchement, tout est bien , les enseignants sont ouverts, il ya un travail d'√©quipe, en tout cas en ce qui me concerne, mon groupe de travail et moi !  Bah ce qui d√©courage beaucoup c'est le retard ! Il ya du retard √† l'UV-BF ! √Ä cause de cel√† on a m√™me rat√© le foner. Je pense que vous devriez corriger cel√† !"
anonyme,Cours a distance  Tout les √©tudiants n'ont pas re√ßu leurs ordinateurs par exemple moi mm et aussi la connexion pendant les devoirs sont pas stable
anonyme,Ce que j'appr√©cie c'est d'abord la mise en place des programmes dans diff√©rentes fili√®res.En suite la d√©marche cava  Le seul probl√®me c'est l'organisation.Depuis on a fini les √©valuations on ne sait m√™me pas les moyennes excatent
anonyme,Le d√©vouement des enseignants. difficult√©s au niveau de la plateforme Lors des √©valuations.
anonyme,Leurs 10 giga et leurs mani√®res de disposer les cours  J'arrive pas avant a suivi les cours et je ma√Ætrisais pas la plaforme mais maintenant sava
anonyme,"La qualit√© de l'enseignement. Et les politiques mises en place pour permettre √† tous les √©tudiants d'avoir acc√®s aux cours.  Les salles de composition ne sont pas avantageuses( difficult√© de connexion ), les heures d'ouverture et de fermeture des espaces num√©riques ouverts ( pas encore ouverts pendant que certains cours sont programm√©s)"
anonyme,La qualit√© de la formation  La chert√© de la formation du cycle Master.
anonyme,"Je peux dire qu'il y a une facilit√© d'apprendre, d'√©tudier dans un meilleur cadre sans pression. Tout cela en faisant bien d'autres choses en parall√®le.  D'une part, il y a l'instabilit√© de la plateforme(ou peut-√™tre du r√©seau) lorsque plusieurs √©tudiants se connectent. D'autre part, la composition avec les ordinateurs est parfois difficile surtout avec la nouvelle application mise en place ; ce qui peut √™tre dangereux voire fatal pour nous."
anonyme,La composition en ligne  Les √©valuations sommatives qui constituent une difficult√© majeur pour les travailleurs
anonyme,La composition en ligne et la disponibilisation des notes spontan√©ment  Les √©valuations sommatives qui constituent une difficult√© majeures pour les fonctionnaires
anonyme,L'accueil des usagers La qualit√© de l'√©valuation des √©tudiants
anonyme,"La mani√®re dont les cours se font √ßa me permet d'exercer d'autres activit√©s  Probl√®me de connexion, d'ordinateur et au niveau de la correction des devoirs"
anonyme,L'enseignement. Ce mod√®le qui pousse l'√©tudiant √† faire des recherches. Je suis mon propre enseignant  Les v√©ritables difficult√©s avec l'UV sont:  La programmation des devoirs et des TP( on ne peut pas se lever du jour au lendemain pour des √©valuations sans tenir compte de ceux qui ne sont pas √† Ouaga surtout pour les TP qui ont pour centre unique Ouagadougou) Les erreurs de reportages des notes( l√† je vais pas commenter √ßa risque de ne pas vous plaire...). Cordialement üôèüèΩüôèüèΩ
anonyme,"L'ensemble du syst√®me acad√©mique utilis√© √† l'UV-BF est positivement tr√®s appr√©ciable. Et doit √™tre √©tendu √† tous les autres universit√©s du BF car au del√† de l'acquisition des connaissances d'√©tudes, les √©tudiants apprennent et utilisent aussi l'informatique et des outils. Ce qui leur ouvre une autre porte que les autres √©tudiants n'en ont pas cette chance. Pour les compositions des diff√©rents devoirs (sessions), je demande √† l'UV-BF de songer le cas des particuliers en ces points : 1) Reconna√Ætre et faire valoir leurs justificatifs en ca d'absence  2) Leurs autoriser √† composer individuellement l√† o√π ils se trouvent. ( Par exemple le cas des FDS en mission/d√©tachement, souvent tu as la volont√© et la connaissance pour les compositions. Mais la r√©alit√© foire tout."
anonyme,L'universit√© virtuelle formation de qualit√© pour tous On a des difficult√©s au niveau des connexions
anonyme,Le fait que les cours sont dispens√©s en ligne et les docteurs aussi font tout possible pour nous les dispens√©s cela nous permet nous √âtudiants de jongler d'autres m√©tiers pour subvenir √† nos besoins. . Cela est d√©j√† un aspect positif. L'insuffisance des Ordinateurs.
anonyme,l'absence de pression permettant de vaquer √† certaines occupations o√π d'acqu√©rir des comp√©tence li√©es √† nos diff√©rentes fili√®re Le report des cours √† tout bout de champ. Pour des √©tudiant disposant de wifi chez eux il n'y a pas de probl√®me mais pour les autres cela peut √™tre difficile. Aussi Lors des composition au SIAO il y a des centaines de wifi actif emp√™chant la connections de plusieurs ordinateur. On devrait pouvoir trouver une solution √† ce probl√®me au lieu de forcer les √©tudiants √† composer sur des appareils dont les conditions sont inad√©quat
anonyme,"*L'acc√®s des √©tudes universitaires pour tous et partout  *Les enseignants fournissent beaucoup d'efforts pour un enseignement de qualit√©,  *Le fait d'entasser les √©valuations au m√™me moment comme un examen constitue un aspect n√©gatif, certains sujets d'√©valuations peuvent ne pas √™tre form√©s selon ce contexte aussi. *Les Travaux Pratiques se d√©roulent uniquement √† Ouagadougou, cela constitue un aspect n√©gatif. *L'emploi du temps,est souvent un peu charg√©, avec 2 heures de cours pour des modules diff√©rents durant toute la journ√©e."
anonyme,"Leur simplicit√©, leur patience, leur compr√©hension, leur gentillesse, leur g√©n√©rosit√©,leur fa√ßon de nous donner les cours est tr√®s g√©nial et ils vont √† notre rythme . La difficult√© √† se connecter sur la plateforme pour suivre les cours et pour composer Les devoirs des fois."
anonyme,"La qualit√© de l‚Äôenseignement √† distance  Probl√®me de la connexion, le manques de cadre de TP et surtout moins de pratique TP afin de permettre √† l‚Äô√©tudiant de ce familiariser avec la r√©alit√©"
anonyme,La volont√© des enseignants √† nous faire comprendre  Le probl√®me de connexion lors des compositions sur table
anonyme,Oui   La connexion
